seed,coverage,accuracy
42,0.0005,1.0
42,0.001,1.0
42,0.0015,1.0
42,0.002,1.0
42,0.0025,1.0
42,0.003,1.0
42,0.0035,1.0
42,0.004,1.0
42,0.0045,1.0
42,0.005,1.0
42,0.0055,1.0
42,0.006,1.0
42,0.0065,1.0
42,0.007,1.0
42,0.0075,1.0
42,0.008,1.0
42,0.0085,1.0
42,0.009,1.0
42,0.0095,1.0
42,0.01,1.0
42,0.0105,1.0
42,0.011,1.0
42,0.0115,1.0
42,0.012,1.0
42,0.0125,1.0
42,0.013,1.0
42,0.0135,1.0
42,0.014,1.0
42,0.0145,1.0
42,0.015,1.0
42,0.0155,1.0
42,0.016,1.0
42,0.0165,1.0
42,0.017,1.0
42,0.0175,1.0
42,0.018,1.0
42,0.0185,1.0
42,0.019,1.0
42,0.0195,1.0
42,0.02,1.0
42,0.0205,0.975609756097561
42,0.021,0.9761904761904762
42,0.0215,0.9767441860465116
42,0.022,0.9772727272727273
42,0.0225,0.9777777777777777
42,0.023,0.9782608695652174
42,0.0235,0.9787234042553191
42,0.024,0.9583333333333334
42,0.0245,0.9591836734693877
42,0.025,0.96
42,0.0255,0.9607843137254902
42,0.026,0.9615384615384616
42,0.0265,0.9622641509433962
42,0.027,0.9629629629629629
42,0.0275,0.9636363636363636
42,0.028,0.9642857142857143
42,0.0285,0.9649122807017544
42,0.029,0.9655172413793104
42,0.0295,0.9661016949152542
42,0.03,0.9666666666666667
42,0.0305,0.9672131147540983
42,0.031,0.967741935483871
42,0.0315,0.9682539682539683
42,0.032,0.96875
42,0.0325,0.9692307692307692
42,0.033,0.9696969696969697
42,0.0335,0.9701492537313433
42,0.034,0.9705882352941176
42,0.0345,0.9710144927536232
42,0.035,0.9714285714285714
42,0.0355,0.971830985915493
42,0.036,0.9722222222222222
42,0.0365,0.9726027397260274
42,0.037,0.972972972972973
42,0.0375,0.9733333333333334
42,0.038,0.9736842105263158
42,0.0385,0.974025974025974
42,0.039,0.9743589743589743
42,0.0395,0.9620253164556962
42,0.04,0.9625
42,0.0405,0.9629629629629629
42,0.041,0.9634146341463414
42,0.0415,0.963855421686747
42,0.042,0.9642857142857143
42,0.0425,0.9647058823529412
42,0.043,0.9651162790697675
42,0.0435,0.9655172413793104
42,0.044,0.9659090909090909
42,0.0445,0.9662921348314607
42,0.045,0.9666666666666667
42,0.0455,0.967032967032967
42,0.046,0.967391304347826
42,0.0465,0.967741935483871
42,0.047,0.9680851063829787
42,0.0475,0.968421052631579
42,0.048,0.96875
42,0.0485,0.9690721649484536
42,0.049,0.9693877551020408
42,0.0495,0.9595959595959596
42,0.05,0.96
42,0.0505,0.9603960396039604
42,0.051,0.9607843137254902
42,0.0515,0.9611650485436893
42,0.052,0.9615384615384616
42,0.0525,0.9619047619047619
42,0.053,0.9622641509433962
42,0.0535,0.9626168224299065
42,0.054,0.9537037037037037
42,0.0545,0.9541284403669725
42,0.055,0.9545454545454546
42,0.0555,0.954954954954955
42,0.056,0.9553571428571429
42,0.0565,0.9557522123893806
42,0.057,0.956140350877193
42,0.0575,0.9565217391304348
42,0.058,0.9568965517241379
42,0.0585,0.9572649572649573
42,0.059,0.9576271186440678
42,0.0595,0.957983193277311
42,0.06,0.9583333333333334
42,0.0605,0.9586776859504132
42,0.061,0.9590163934426229
42,0.0615,0.959349593495935
42,0.062,0.9596774193548387
42,0.0625,0.96
42,0.063,0.9523809523809523
42,0.0635,0.952755905511811
42,0.064,0.953125
42,0.0645,0.9534883720930233
42,0.065,0.9538461538461539
42,0.0655,0.9541984732824428
42,0.066,0.9545454545454546
42,0.0665,0.9548872180451128
42,0.067,0.9552238805970149
42,0.0675,0.9555555555555556
42,0.068,0.9558823529411765
42,0.0685,0.9562043795620438
42,0.069,0.9565217391304348
42,0.0695,0.9568345323741008
42,0.07,0.9571428571428572
42,0.0705,0.9574468085106383
42,0.071,0.9577464788732394
42,0.0715,0.958041958041958
42,0.072,0.9583333333333334
42,0.0725,0.9586206896551724
42,0.073,0.958904109589041
42,0.0735,0.9591836734693877
42,0.074,0.9594594594594594
42,0.0745,0.959731543624161
42,0.075,0.96
42,0.0755,0.9602649006622517
42,0.076,0.9539473684210527
42,0.0765,0.954248366013072
42,0.077,0.9545454545454546
42,0.0775,0.9548387096774194
42,0.078,0.9551282051282052
42,0.0785,0.9554140127388535
42,0.079,0.9556962025316456
42,0.0795,0.9559748427672956
42,0.08,0.95625
42,0.0805,0.9565217391304348
42,0.081,0.9567901234567902
42,0.0815,0.950920245398773
42,0.082,0.9512195121951219
42,0.0825,0.9515151515151515
42,0.083,0.9518072289156626
42,0.0835,0.9520958083832335
42,0.084,0.9523809523809523
42,0.0845,0.9526627218934911
42,0.085,0.9529411764705882
42,0.0855,0.9532163742690059
42,0.086,0.9534883720930233
42,0.0865,0.953757225433526
42,0.087,0.9540229885057471
42,0.0875,0.9542857142857143
42,0.088,0.9545454545454546
42,0.0885,0.9548022598870056
42,0.089,0.9550561797752809
42,0.0895,0.9553072625698324
42,0.09,0.9555555555555556
42,0.0905,0.9558011049723757
42,0.091,0.9560439560439561
42,0.0915,0.9562841530054644
42,0.092,0.9565217391304348
42,0.0925,0.9567567567567568
42,0.093,0.956989247311828
42,0.0935,0.9572192513368984
42,0.094,0.9574468085106383
42,0.0945,0.9523809523809523
42,0.095,0.9526315789473684
42,0.0955,0.9528795811518325
42,0.096,0.953125
42,0.0965,0.9533678756476683
42,0.097,0.9536082474226805
42,0.0975,0.9538461538461539
42,0.098,0.9540816326530612
42,0.0985,0.949238578680203
42,0.099,0.9494949494949495
42,0.0995,0.949748743718593
42,0.1,0.95
42,0.1005,0.9502487562189055
42,0.101,0.9504950495049505
42,0.1015,0.9507389162561576
42,0.102,0.946078431372549
42,0.1025,0.9463414634146341
42,0.103,0.9466019417475728
42,0.1035,0.9468599033816425
42,0.104,0.9471153846153846
42,0.1045,0.9473684210526315
42,0.105,0.9476190476190476
42,0.1055,0.9478672985781991
42,0.106,0.9481132075471698
42,0.1065,0.9483568075117371
42,0.107,0.9485981308411215
42,0.1075,0.9488372093023256
42,0.108,0.9490740740740741
42,0.1085,0.9493087557603687
42,0.109,0.9495412844036697
42,0.1095,0.9497716894977168
42,0.11,0.95
42,0.1105,0.9502262443438914
42,0.111,0.9504504504504504
42,0.1115,0.9506726457399103
42,0.112,0.9508928571428571
42,0.1125,0.9511111111111111
42,0.113,0.9513274336283186
42,0.1135,0.9515418502202643
42,0.114,0.9517543859649122
42,0.1145,0.9519650655021834
42,0.115,0.9521739130434783
42,0.1155,0.9523809523809523
42,0.116,0.9525862068965517
42,0.1165,0.9527896995708155
42,0.117,0.9529914529914529
42,0.1175,0.9531914893617022
42,0.118,0.9533898305084746
42,0.1185,0.9535864978902954
42,0.119,0.9495798319327731
42,0.1195,0.9497907949790795
42,0.12,0.95
42,0.1205,0.950207468879668
42,0.121,0.9504132231404959
42,0.1215,0.9506172839506173
42,0.122,0.9508196721311475
42,0.1225,0.9510204081632653
42,0.123,0.9512195121951219
42,0.1235,0.951417004048583
42,0.124,0.9516129032258065
42,0.1245,0.9518072289156626
42,0.125,0.952
42,0.1255,0.952191235059761
42,0.126,0.9523809523809523
42,0.1265,0.9525691699604744
42,0.127,0.952755905511811
42,0.1275,0.9529411764705882
42,0.128,0.953125
42,0.1285,0.9494163424124513
42,0.129,0.9496124031007752
42,0.1295,0.9498069498069498
42,0.13,0.95
42,0.1305,0.9501915708812261
42,0.131,0.950381679389313
42,0.1315,0.9505703422053232
42,0.132,0.9507575757575758
42,0.1325,0.9509433962264151
42,0.133,0.9473684210526315
42,0.1335,0.947565543071161
42,0.134,0.9477611940298507
42,0.1345,0.9479553903345725
42,0.135,0.9444444444444444
42,0.1355,0.9446494464944649
42,0.136,0.9411764705882353
42,0.1365,0.9413919413919414
42,0.137,0.9416058394160584
42,0.1375,0.9418181818181818
42,0.138,0.9420289855072463
42,0.1385,0.9422382671480144
42,0.139,0.9424460431654677
42,0.1395,0.942652329749104
42,0.14,0.9428571428571428
42,0.1405,0.9430604982206405
42,0.141,0.9432624113475178
42,0.1415,0.9399293286219081
42,0.142,0.9401408450704225
42,0.1425,0.9403508771929825
42,0.143,0.9405594405594405
42,0.1435,0.9407665505226481
42,0.144,0.9409722222222222
42,0.1445,0.9411764705882353
42,0.145,0.9413793103448276
42,0.1455,0.9415807560137457
42,0.146,0.9417808219178082
42,0.1465,0.9419795221843004
42,0.147,0.9421768707482994
42,0.1475,0.9423728813559322
42,0.148,0.9425675675675675
42,0.1485,0.9427609427609428
42,0.149,0.9395973154362416
42,0.1495,0.939799331103679
42,0.15,0.94
42,0.1505,0.9401993355481728
42,0.151,0.9403973509933775
42,0.1515,0.9405940594059405
42,0.152,0.9407894736842105
42,0.1525,0.940983606557377
42,0.153,0.9411764705882353
42,0.1535,0.9413680781758957
42,0.154,0.9415584415584416
42,0.1545,0.941747572815534
42,0.155,0.9419354838709677
42,0.1555,0.9421221864951769
42,0.156,0.9423076923076923
42,0.1565,0.9424920127795527
42,0.157,0.9426751592356688
42,0.1575,0.9428571428571428
42,0.158,0.9430379746835443
42,0.1585,0.943217665615142
42,0.159,0.9433962264150944
42,0.1595,0.9435736677115988
42,0.16,0.94375
42,0.1605,0.9439252336448598
42,0.161,0.9440993788819876
42,0.1615,0.9442724458204335
42,0.162,0.9444444444444444
42,0.1625,0.9446153846153846
42,0.163,0.9447852760736196
42,0.1635,0.9418960244648318
42,0.164,0.9420731707317073
42,0.1645,0.9422492401215805
42,0.165,0.9424242424242424
42,0.1655,0.9425981873111783
42,0.166,0.9427710843373494
42,0.1665,0.9429429429429429
42,0.167,0.9431137724550899
42,0.1675,0.9432835820895522
42,0.168,0.9434523809523809
42,0.1685,0.9436201780415431
42,0.169,0.9437869822485208
42,0.1695,0.9410029498525073
42,0.17,0.9411764705882353
42,0.1705,0.9413489736070382
42,0.171,0.9415204678362573
42,0.1715,0.9416909620991254
42,0.172,0.9418604651162791
42,0.1725,0.9420289855072463
42,0.173,0.9421965317919075
42,0.1735,0.9423631123919308
42,0.174,0.9396551724137931
42,0.1745,0.9398280802292264
42,0.175,0.94
42,0.1755,0.9373219373219374
42,0.176,0.9375
42,0.1765,0.9376770538243626
42,0.177,0.9378531073446328
42,0.1775,0.9380281690140845
42,0.178,0.9382022471910112
42,0.1785,0.938375350140056
42,0.179,0.9385474860335196
42,0.1795,0.9387186629526463
42,0.18,0.9388888888888889
42,0.1805,0.9390581717451524
42,0.181,0.9392265193370166
42,0.1815,0.9393939393939394
42,0.182,0.9395604395604396
42,0.1825,0.936986301369863
42,0.183,0.9371584699453552
42,0.1835,0.9373297002724795
42,0.184,0.9375
42,0.1845,0.9376693766937669
42,0.185,0.9378378378378378
42,0.1855,0.9380053908355795
42,0.186,0.9381720430107527
42,0.1865,0.938337801608579
42,0.187,0.9385026737967914
42,0.1875,0.9386666666666666
42,0.188,0.9388297872340425
42,0.1885,0.9389920424403183
42,0.189,0.9391534391534392
42,0.1895,0.9366754617414248
42,0.19,0.9368421052631579
42,0.1905,0.937007874015748
42,0.191,0.93717277486911
42,0.1915,0.9373368146214099
42,0.192,0.9348958333333334
42,0.1925,0.935064935064935
42,0.193,0.9352331606217616
42,0.1935,0.9328165374677002
42,0.194,0.9329896907216495
42,0.1945,0.9331619537275064
42,0.195,0.9333333333333333
42,0.1955,0.9309462915601023
42,0.196,0.9311224489795918
42,0.1965,0.9312977099236641
42,0.197,0.9314720812182741
42,0.1975,0.9316455696202531
42,0.198,0.9318181818181818
42,0.1985,0.9319899244332494
42,0.199,0.9321608040201005
42,0.1995,0.9323308270676691
42,0.2,0.9325
42,0.2005,0.9326683291770573
42,0.201,0.9328358208955224
42,0.2015,0.9330024813895782
42,0.202,0.9331683168316832
42,0.2025,0.9333333333333333
42,0.203,0.9334975369458128
42,0.2035,0.9336609336609336
42,0.204,0.9338235294117647
42,0.2045,0.9339853300733496
42,0.205,0.9341463414634147
42,0.2055,0.9343065693430657
42,0.206,0.9344660194174758
42,0.2065,0.9346246973365617
42,0.207,0.9347826086956522
42,0.2075,0.9349397590361446
42,0.208,0.9326923076923077
42,0.2085,0.9328537170263789
42,0.209,0.9330143540669856
42,0.2095,0.9331742243436754
42,0.21,0.9333333333333333
42,0.2105,0.9334916864608076
42,0.211,0.933649289099526
42,0.2115,0.933806146572104
42,0.212,0.9339622641509434
42,0.2125,0.9341176470588235
42,0.213,0.9342723004694836
42,0.2135,0.9344262295081968
42,0.214,0.9345794392523364
42,0.2145,0.9347319347319347
42,0.215,0.9348837209302325
42,0.2155,0.9350348027842227
42,0.216,0.9351851851851852
42,0.2165,0.9353348729792148
42,0.217,0.9354838709677419
42,0.2175,0.9356321839080459
42,0.218,0.9357798165137615
42,0.2185,0.9359267734553776
42,0.219,0.9360730593607306
42,0.2195,0.9362186788154897
42,0.22,0.9340909090909091
42,0.2205,0.9342403628117913
42,0.221,0.9343891402714932
42,0.2215,0.9345372460496614
42,0.222,0.9346846846846847
42,0.2225,0.9348314606741573
42,0.223,0.9349775784753364
42,0.2235,0.9351230425055929
42,0.224,0.9352678571428571
42,0.2245,0.9354120267260579
42,0.225,0.9355555555555556
42,0.2255,0.9356984478935698
42,0.226,0.9358407079646017
42,0.2265,0.9337748344370861
42,0.227,0.933920704845815
42,0.2275,0.9340659340659341
42,0.228,0.9342105263157895
42,0.2285,0.9343544857768052
42,0.229,0.9344978165938864
42,0.2295,0.9324618736383442
42,0.23,0.9326086956521739
42,0.2305,0.9327548806941431
42,0.231,0.9307359307359307
42,0.2315,0.9308855291576674
42,0.232,0.9288793103448276
42,0.2325,0.9290322580645162
42,0.233,0.927038626609442
42,0.2335,0.9271948608137045
42,0.234,0.9273504273504274
42,0.2345,0.9275053304904051
42,0.235,0.9276595744680851
42,0.2355,0.9256900212314225
42,0.236,0.9258474576271186
42,0.2365,0.9260042283298098
42,0.237,0.9261603375527426
42,0.2375,0.9242105263157895
42,0.238,0.9243697478991597
42,0.2385,0.9245283018867925
42,0.239,0.9246861924686193
42,0.2395,0.9248434237995825
42,0.24,0.925
42,0.2405,0.9251559251559252
42,0.241,0.9253112033195021
42,0.2415,0.9254658385093167
42,0.242,0.9256198347107438
42,0.2425,0.9257731958762887
42,0.243,0.9259259259259259
42,0.2435,0.9260780287474333
42,0.244,0.9262295081967213
42,0.2445,0.9263803680981595
42,0.245,0.926530612244898
42,0.2455,0.9266802443991853
42,0.246,0.9247967479674797
42,0.2465,0.9249492900608519
42,0.247,0.9251012145748988
42,0.2475,0.9252525252525252
42,0.248,0.9254032258064516
42,0.2485,0.9255533199195171
42,0.249,0.9257028112449799
42,0.2495,0.9258517034068137
42,0.25,0.926
42,0.2505,0.9261477045908184
42,0.251,0.9262948207171314
42,0.2515,0.9264413518886679
42,0.252,0.9265873015873016
42,0.2525,0.9267326732673268
42,0.253,0.9268774703557312
42,0.2535,0.9270216962524654
42,0.254,0.9271653543307087
42,0.2545,0.9273084479371316
42,0.255,0.9274509803921569
42,0.2555,0.9275929549902152
42,0.256,0.927734375
42,0.2565,0.9278752436647173
42,0.257,0.9280155642023347
42,0.2575,0.9281553398058252
42,0.258,0.9282945736434108
42,0.2585,0.9264990328820116
42,0.259,0.9266409266409267
42,0.2595,0.9248554913294798
42,0.26,0.925
42,0.2605,0.9251439539347409
42,0.261,0.9252873563218391
42,0.2615,0.9254302103250478
42,0.262,0.9236641221374046
42,0.2625,0.9238095238095239
42,0.263,0.9239543726235742
42,0.2635,0.9240986717267552
42,0.264,0.9242424242424242
42,0.2645,0.9243856332703214
42,0.265,0.9245283018867925
42,0.2655,0.9246704331450094
42,0.266,0.924812030075188
42,0.2665,0.924953095684803
42,0.267,0.9250936329588015
42,0.2675,0.9252336448598131
42,0.268,0.9235074626865671
42,0.2685,0.9236499068901304
42,0.269,0.9237918215613383
42,0.2695,0.9239332096474954
42,0.27,0.924074074074074
42,0.2705,0.9242144177449169
42,0.271,0.9243542435424354
42,0.2715,0.9244935543278084
42,0.272,0.9246323529411765
42,0.2725,0.9247706422018349
42,0.273,0.924908424908425
42,0.2735,0.9250457038391224
42,0.274,0.9251824817518248
42,0.2745,0.9253187613843351
42,0.275,0.9254545454545454
42,0.2755,0.925589836660617
42,0.276,0.9257246376811594
42,0.2765,0.9258589511754068
42,0.277,0.9259927797833934
42,0.2775,0.9243243243243243
42,0.278,0.9226618705035972
42,0.2785,0.9228007181328546
42,0.279,0.9229390681003584
42,0.2795,0.9212880143112702
42,0.28,0.9214285714285714
42,0.2805,0.9215686274509803
42,0.281,0.9217081850533808
42,0.2815,0.9218472468916519
42,0.282,0.9219858156028369
42,0.2825,0.9221238938053097
42,0.283,0.9222614840989399
42,0.2835,0.9223985890652557
42,0.284,0.9225352112676056
42,0.2845,0.9226713532513181
42,0.285,0.9228070175438596
42,0.2855,0.9229422066549913
42,0.286,0.9230769230769231
42,0.2865,0.9232111692844677
42,0.287,0.9233449477351916
42,0.2875,0.9234782608695652
42,0.288,0.9236111111111112
42,0.2885,0.9237435008665511
42,0.289,0.9238754325259516
42,0.2895,0.924006908462867
42,0.29,0.9241379310344827
42,0.2905,0.9242685025817556
42,0.291,0.9243986254295533
42,0.2915,0.9245283018867925
42,0.292,0.9246575342465754
42,0.2925,0.9247863247863248
42,0.293,0.9249146757679181
42,0.2935,0.9250425894378195
42,0.294,0.9251700680272109
42,0.2945,0.9252971137521222
42,0.295,0.9254237288135593
42,0.2955,0.9255499153976311
42,0.296,0.9256756756756757
42,0.2965,0.9258010118043845
42,0.297,0.9259259259259259
42,0.2975,0.9260504201680673
42,0.298,0.9261744966442953
42,0.2985,0.9262981574539364
42,0.299,0.9264214046822743
42,0.2995,0.9265442404006677
42,0.3,0.9266666666666666
42,0.3005,0.9267886855241264
42,0.301,0.9269102990033222
42,0.3015,0.9270315091210614
42,0.302,0.9271523178807947
42,0.3025,0.9272727272727272
42,0.303,0.9273927392739274
42,0.3035,0.9275123558484349
42,0.304,0.9276315789473685
42,0.3045,0.9277504105090312
42,0.305,0.9278688524590164
42,0.3055,0.9279869067103109
42,0.306,0.9281045751633987
42,0.3065,0.9282218597063622
42,0.307,0.9283387622149837
42,0.3075,0.9284552845528455
42,0.308,0.9285714285714286
42,0.3085,0.9286871961102107
42,0.309,0.9288025889967637
42,0.3095,0.9289176090468497
42,0.31,0.9290322580645162
42,0.3105,0.92914653784219
42,0.311,0.9292604501607717
42,0.3115,0.9293739967897271
42,0.312,0.9294871794871795
42,0.3125,0.9296
42,0.313,0.9297124600638977
42,0.3135,0.9298245614035088
42,0.314,0.9299363057324841
42,0.3145,0.9300476947535771
42,0.315,0.9301587301587302
42,0.3155,0.93026941362916
42,0.316,0.930379746835443
42,0.3165,0.9304897314375987
42,0.317,0.9305993690851735
42,0.3175,0.9307086614173228
42,0.318,0.9308176100628931
42,0.3185,0.9309262166405023
42,0.319,0.9310344827586207
42,0.3195,0.9311424100156495
42,0.32,0.93125
42,0.3205,0.9313572542901716
42,0.321,0.9314641744548287
42,0.3215,0.9315707620528771
42,0.322,0.9316770186335404
42,0.3225,0.931782945736434
42,0.323,0.9318885448916409
42,0.3235,0.9319938176197836
42,0.324,0.9320987654320988
42,0.3245,0.9322033898305084
42,0.325,0.9323076923076923
42,0.3255,0.9324116743471582
42,0.326,0.9325153374233128
42,0.3265,0.9326186830015314
42,0.327,0.9327217125382263
42,0.3275,0.932824427480916
42,0.328,0.9329268292682927
42,0.3285,0.9330289193302892
42,0.329,0.9331306990881459
42,0.3295,0.9332321699544764
42,0.33,0.9333333333333333
42,0.3305,0.9334341906202723
42,0.331,0.9335347432024169
42,0.3315,0.9336349924585219
42,0.332,0.9337349397590361
42,0.3325,0.9338345864661655
42,0.333,0.933933933933934
42,0.3335,0.9340329835082459
42,0.334,0.9341317365269461
42,0.3345,0.9342301943198804
42,0.335,0.9343283582089552
42,0.3355,0.9344262295081968
42,0.336,0.9345238095238095
42,0.3365,0.9346210995542348
42,0.337,0.9347181008902077
42,0.3375,0.9348148148148148
42,0.338,0.9349112426035503
42,0.3385,0.9350073855243722
42,0.339,0.9351032448377581
42,0.3395,0.93519882179676
42,0.34,0.9352941176470588
42,0.3405,0.9353891336270191
42,0.341,0.9354838709677419
42,0.3415,0.9355783308931186
42,0.342,0.935672514619883
42,0.3425,0.9357664233576642
42,0.343,0.9358600583090378
42,0.3435,0.9359534206695779
42,0.344,0.936046511627907
42,0.3445,0.9361393323657474
42,0.345,0.936231884057971
42,0.3455,0.9363241678726484
42,0.346,0.9364161849710982
42,0.3465,0.9365079365079365
42,0.347,0.9365994236311239
42,0.3475,0.9366906474820144
42,0.348,0.9367816091954023
42,0.3485,0.9368723098995696
42,0.349,0.9369627507163324
42,0.3495,0.9370529327610873
42,0.35,0.9371428571428572
42,0.3505,0.9372325249643366
42,0.351,0.9373219373219374
42,0.3515,0.9374110953058321
42,0.352,0.9375
42,0.3525,0.9375886524822695
42,0.353,0.9376770538243626
42,0.3535,0.9377652050919377
42,0.354,0.9378531073446328
42,0.3545,0.9379407616361072
42,0.355,0.9380281690140845
42,0.3555,0.9381153305203939
42,0.356,0.9382022471910112
42,0.3565,0.938288920056101
42,0.357,0.938375350140056
42,0.3575,0.9384615384615385
42,0.358,0.9385474860335196
42,0.3585,0.9386331938633193
42,0.359,0.9387186629526463
42,0.3595,0.9388038942976356
42,0.36,0.9388888888888889
42,0.3605,0.9389736477115118
42,0.361,0.9390581717451524
42,0.3615,0.9377593360995851
42,0.362,0.9378453038674033
42,0.3625,0.9379310344827586
42,0.363,0.9380165289256198
42,0.3635,0.938101788170564
42,0.364,0.9381868131868132
42,0.3645,0.9382716049382716
42,0.365,0.9383561643835616
42,0.3655,0.9384404924760602
42,0.366,0.9385245901639344
42,0.3665,0.9386084583901774
42,0.367,0.9386920980926431
42,0.3675,0.9387755102040817
42,0.368,0.938858695652174
42,0.3685,0.9389416553595658
42,0.369,0.9390243902439024
42,0.3695,0.939106901217862
42,0.37,0.9391891891891891
42,0.3705,0.9392712550607287
42,0.371,0.9393530997304582
42,0.3715,0.9394347240915208
42,0.372,0.9395161290322581
42,0.3725,0.9395973154362416
42,0.373,0.9396782841823056
42,0.3735,0.9397590361445783
42,0.374,0.9398395721925134
42,0.3745,0.9399198931909212
42,0.375,0.94
42,0.3755,0.9400798934753661
42,0.376,0.9401595744680851
42,0.3765,0.9402390438247012
42,0.377,0.9403183023872679
42,0.3775,0.9390728476821192
42,0.378,0.9391534391534392
42,0.3785,0.9392338177014531
42,0.379,0.9393139841688655
42,0.3795,0.9393939393939394
42,0.38,0.9394736842105263
42,0.3805,0.9395532194480947
42,0.381,0.9396325459317585
42,0.3815,0.9397116644823067
42,0.382,0.9397905759162304
42,0.3825,0.9398692810457516
42,0.383,0.9399477806788512
42,0.3835,0.940026075619296
42,0.384,0.9401041666666666
42,0.3845,0.9401820546163849
42,0.385,0.9402597402597402
42,0.3855,0.940337224383917
42,0.386,0.9404145077720207
42,0.3865,0.9404915912031048
42,0.387,0.9405684754521964
42,0.3875,0.9406451612903226
42,0.388,0.9407216494845361
42,0.3885,0.9407979407979408
42,0.389,0.9408740359897172
42,0.3895,0.9409499358151476
42,0.39,0.941025641025641
42,0.3905,0.941101152368758
42,0.391,0.9411764705882353
42,0.3915,0.9412515964240102
42,0.392,0.9413265306122449
42,0.3925,0.9414012738853503
42,0.393,0.9414758269720102
42,0.3935,0.9415501905972046
42,0.394,0.9416243654822335
42,0.3945,0.9416983523447402
42,0.395,0.9417721518987342
42,0.3955,0.9418457648546145
42,0.396,0.9419191919191919
42,0.3965,0.9419924337957125
42,0.397,0.9420654911838791
42,0.3975,0.9421383647798742
42,0.398,0.9422110552763819
42,0.3985,0.9422835633626098
42,0.399,0.9423558897243107
42,0.3995,0.9424280350438048
42,0.4,0.9425
42,0.4005,0.9425717852684145
42,0.401,0.942643391521197
42,0.4015,0.9427148194271482
42,0.402,0.9427860696517413
42,0.4025,0.9428571428571428
42,0.403,0.9429280397022333
42,0.4035,0.942998760842627
42,0.404,0.943069306930693
42,0.4045,0.9431396786155748
42,0.405,0.9432098765432099
42,0.4055,0.9432799013563502
42,0.406,0.9433497536945813
42,0.4065,0.9434194341943419
42,0.407,0.9434889434889435
42,0.4075,0.943558282208589
42,0.408,0.9436274509803921
42,0.4085,0.9436964504283966
42,0.409,0.9437652811735942
42,0.4095,0.9438339438339438
42,0.41,0.9439024390243902
42,0.4105,0.9439707673568819
42,0.411,0.9440389294403893
42,0.4115,0.9441069258809235
42,0.412,0.9441747572815534
42,0.4125,0.9442424242424242
42,0.413,0.9443099273607748
42,0.4135,0.9443772672309553
42,0.414,0.9444444444444444
42,0.4145,0.9445114595898673
42,0.415,0.944578313253012
42,0.4155,0.9446450060168472
42,0.416,0.9447115384615384
42,0.4165,0.9447779111644657
42,0.417,0.9448441247002398
42,0.4175,0.9437125748502994
42,0.418,0.94377990430622
42,0.4185,0.9438470728793309
42,0.419,0.9439140811455847
42,0.4195,0.9439809296781884
42,0.42,0.944047619047619
42,0.4205,0.9441141498216409
42,0.421,0.9441805225653207
42,0.4215,0.9430604982206405
42,0.422,0.943127962085308
42,0.4225,0.9431952662721893
42,0.423,0.9432624113475178
42,0.4235,0.9433293978748524
42,0.424,0.9433962264150944
42,0.4245,0.9434628975265018
42,0.425,0.9435294117647058
42,0.4255,0.9424206815511164
42,0.426,0.9424882629107981
42,0.4265,0.9425556858147714
42,0.427,0.9426229508196722
42,0.4275,0.9426900584795321
42,0.428,0.9427570093457944
42,0.4285,0.9428238039673279
42,0.429,0.9428904428904429
42,0.4295,0.9429569266589057
42,0.43,0.9430232558139535
42,0.4305,0.943089430894309
42,0.431,0.9431554524361949
42,0.4315,0.9432213209733488
42,0.432,0.9432870370370371
42,0.4325,0.9433526011560693
42,0.433,0.9434180138568129
42,0.4335,0.9434832756632064
42,0.434,0.9435483870967742
42,0.4345,0.9436133486766398
42,0.435,0.9436781609195403
42,0.4355,0.9437428243398392
42,0.436,0.9438073394495413
42,0.4365,0.9438717067583047
42,0.437,0.9439359267734554
42,0.4375,0.944
42,0.438,0.9440639269406392
42,0.4385,0.9441277080957811
42,0.439,0.9441913439635535
42,0.4395,0.944254835039818
42,0.44,0.9443181818181818
42,0.4405,0.9443813847900113
42,0.441,0.9444444444444444
42,0.4415,0.9445073612684032
42,0.442,0.9445701357466063
42,0.4425,0.9446327683615819
42,0.443,0.9446952595936795
42,0.4435,0.943630214205186
42,0.444,0.9436936936936937
42,0.4445,0.9437570303712036
42,0.445,0.9438202247191011
42,0.4455,0.9438832772166106
42,0.446,0.9439461883408071
42,0.4465,0.9440089585666294
42,0.447,0.9440715883668904
42,0.4475,0.9441340782122905
42,0.448,0.9441964285714286
42,0.4485,0.9442586399108138
42,0.449,0.9443207126948775
42,0.4495,0.9443826473859844
42,0.45,0.9444444444444444
42,0.4505,0.9445061043285239
42,0.451,0.9445676274944568
42,0.4515,0.9446290143964563
42,0.452,0.9446902654867256
42,0.4525,0.9447513812154696
42,0.453,0.9448123620309051
42,0.4535,0.9448732083792724
42,0.454,0.9449339207048458
42,0.4545,0.944994499449945
42,0.455,0.945054945054945
42,0.4555,0.9451152579582875
42,0.456,0.944078947368421
42,0.4565,0.9441401971522454
42,0.457,0.9442013129102844
42,0.4575,0.9442622950819672
42,0.458,0.9443231441048034
42,0.4585,0.9443838604143948
42,0.459,0.9444444444444444
42,0.4595,0.9434167573449401
42,0.46,0.9434782608695652
42,0.4605,0.9435396308360477
42,0.461,0.9436008676789588
42,0.4615,0.9436619718309859
42,0.462,0.9437229437229437
42,0.4625,0.9437837837837838
42,0.463,0.9438444924406048
42,0.4635,0.9439050701186623
42,0.464,0.9439655172413793
42,0.4645,0.9440258342303552
42,0.465,0.9440860215053763
42,0.4655,0.9441460794844253
42,0.466,0.944206008583691
42,0.4665,0.9442658092175777
42,0.467,0.9443254817987152
42,0.4675,0.9443850267379679
42,0.468,0.9444444444444444
42,0.4685,0.9445037353255069
42,0.469,0.9445628997867804
42,0.4695,0.9446219382321619
42,0.47,0.9446808510638298
42,0.4705,0.944739638682253
42,0.471,0.9447983014861996
42,0.4715,0.9448568398727466
42,0.472,0.9449152542372882
42,0.4725,0.944973544973545
42,0.473,0.945031712473573
42,0.4735,0.9450897571277719
42,0.474,0.9451476793248945
42,0.4745,0.9452054794520548
42,0.475,0.9452631578947368
42,0.4755,0.9453207150368034
42,0.476,0.9453781512605042
42,0.4765,0.9454354669464848
42,0.477,0.9444444444444444
42,0.4775,0.9445026178010472
42,0.478,0.944560669456067
42,0.4785,0.9446185997910136
42,0.479,0.9446764091858038
42,0.4795,0.9447340980187695
42,0.48,0.9447916666666667
42,0.4805,0.9448491155046826
42,0.481,0.9449064449064449
42,0.4815,0.944963655244029
42,0.482,0.9450207468879668
42,0.4825,0.9450777202072539
42,0.483,0.9451345755693582
42,0.4835,0.9441571871768356
42,0.484,0.9431818181818182
42,0.4845,0.9432404540763674
42,0.485,0.9432989690721649
42,0.4855,0.9433573635427395
42,0.486,0.9434156378600823
42,0.4865,0.9434737923946557
42,0.487,0.9435318275154004
42,0.4875,0.9435897435897436
42,0.488,0.9436475409836066
42,0.4885,0.9426816786079836
42,0.489,0.9427402862985685
42,0.4895,0.9427987742594485
42,0.49,0.9428571428571428
42,0.4905,0.9429153924566769
42,0.491,0.9429735234215886
42,0.4915,0.943031536113937
42,0.492,0.943089430894309
42,0.4925,0.9431472081218274
42,0.493,0.9432048681541582
42,0.4935,0.9432624113475178
42,0.494,0.9433198380566802
42,0.4945,0.9433771486349848
42,0.495,0.9434343434343434
42,0.4955,0.9434914228052472
42,0.496,0.9435483870967742
42,0.4965,0.9436052366565961
42,0.497,0.9436619718309859
42,0.4975,0.9437185929648241
42,0.498,0.9437751004016064
42,0.4985,0.9438314944834504
42,0.499,0.9428857715430862
42,0.4995,0.9429429429429429
42,0.5,0.943
42,0.5005,0.9430569430569431
42,0.501,0.9431137724550899
42,0.5015,0.9431704885343968
42,0.502,0.9432270916334662
42,0.5025,0.9432835820895522
42,0.503,0.9433399602385686
42,0.5035,0.9433962264150944
42,0.504,0.9434523809523809
42,0.5045,0.9435084241823588
42,0.505,0.9435643564356435
42,0.5055,0.9436201780415431
42,0.506,0.9436758893280632
42,0.5065,0.9437314906219151
42,0.507,0.9437869822485208
42,0.5075,0.9438423645320198
42,0.508,0.9438976377952756
42,0.5085,0.943952802359882
42,0.509,0.944007858546169
42,0.5095,0.9440628066732091
42,0.51,0.9441176470588235
42,0.5105,0.9441723800195886
42,0.511,0.9442270058708415
42,0.5115,0.9442815249266863
42,0.512,0.943359375
42,0.5125,0.9434146341463414
42,0.513,0.9434697855750487
42,0.5135,0.943524829600779
42,0.514,0.943579766536965
42,0.5145,0.9436345966958212
42,0.515,0.9436893203883495
42,0.5155,0.9437439379243453
42,0.516,0.9437984496124031
42,0.5165,0.9438528557599225
42,0.517,0.9439071566731141
42,0.5175,0.9439613526570049
42,0.518,0.944015444015444
42,0.5185,0.944069431051109
42,0.519,0.9441233140655106
42,0.5195,0.944177093358999
42,0.52,0.9442307692307692
42,0.5205,0.9442843419788665
42,0.521,0.944337811900192
42,0.5215,0.9443911792905082
42,0.522,0.9444444444444444
42,0.5225,0.9435406698564593
42,0.523,0.9435946462715105
42,0.5235,0.9436485195797517
42,0.524,0.9437022900763359
42,0.5245,0.9428026692087702
42,0.525,0.9428571428571428
42,0.5255,0.9429115128449096
42,0.526,0.9429657794676806
42,0.5265,0.9430199430199431
42,0.527,0.9430740037950665
42,0.5275,0.943127962085308
42,0.528,0.9431818181818182
42,0.5285,0.9432355723746452
42,0.529,0.943289224952741
42,0.5295,0.943342776203966
42,0.53,0.9433962264150944
42,0.5305,0.943449575871819
42,0.531,0.943502824858757
42,0.5315,0.9435559736594544
42,0.532,0.943609022556391
42,0.5325,0.9436619718309859
42,0.533,0.9437148217636022
42,0.5335,0.943767572633552
42,0.534,0.9438202247191011
42,0.5345,0.9438727782974743
42,0.535,0.9439252336448598
42,0.5355,0.9439775910364145
42,0.536,0.9440298507462687
42,0.5365,0.9440820130475303
42,0.537,0.9441340782122905
42,0.5375,0.9441860465116279
42,0.538,0.9442379182156134
42,0.5385,0.9442896935933147
42,0.539,0.9443413729128015
42,0.5395,0.9443929564411492
42,0.54,0.9444444444444444
42,0.5405,0.9435707678075855
42,0.541,0.94362292051756
42,0.5415,0.9436749769159741
42,0.542,0.9437269372693727
42,0.5425,0.943778801843318
42,0.543,0.9429097605893186
42,0.5435,0.9429622815087396
42,0.544,0.9430147058823529
42,0.5445,0.9430670339761249
42,0.545,0.9431192660550459
42,0.5455,0.9431714023831348
42,0.546,0.9432234432234432
42,0.5465,0.9432753888380604
42,0.547,0.943327239488117
42,0.5475,0.94337899543379
42,0.548,0.9434306569343066
42,0.5485,0.9425706472196901
42,0.549,0.9426229508196722
42,0.5495,0.9426751592356688
42,0.55,0.9427272727272727
42,0.5505,0.9427792915531336
42,0.551,0.9428312159709619
42,0.5515,0.942883046237534
42,0.552,0.9429347826086957
42,0.5525,0.9429864253393665
42,0.553,0.9430379746835443
42,0.5535,0.943089430894309
42,0.554,0.9431407942238267
42,0.5545,0.9431920649233544
42,0.555,0.9432432432432433
42,0.5555,0.9432943294329433
42,0.556,0.9433453237410072
42,0.5565,0.9433962264150944
42,0.557,0.9434470377019749
42,0.5575,0.9434977578475336
42,0.558,0.9435483870967742
42,0.5585,0.9435989256938228
42,0.559,0.943649373881932
42,0.5595,0.9428060768543343
42,0.56,0.9428571428571428
42,0.5605,0.9420160570918823
42,0.561,0.9420677361853832
42,0.5615,0.9421193232413179
42,0.562,0.9421708185053381
42,0.5625,0.9422222222222222
42,0.563,0.9422735346358793
42,0.5635,0.9423247559893523
42,0.564,0.9423758865248227
42,0.5645,0.9424269264836138
42,0.565,0.9424778761061947
42,0.5655,0.9425287356321839
42,0.566,0.9425795053003534
42,0.5665,0.942630185348632
42,0.567,0.9426807760141094
42,0.5675,0.9427312775330396
42,0.568,0.9427816901408451
42,0.5685,0.9428320140721196
42,0.569,0.9428822495606327
42,0.5695,0.9429323968393327
42,0.57,0.9421052631578948
42,0.5705,0.9421560035056967
42,0.571,0.9413309982486865
42,0.5715,0.9413823272090989
42,0.572,0.9414335664335665
42,0.5725,0.9414847161572052
42,0.573,0.9415357766143106
42,0.5735,0.941586748038361
42,0.574,0.9416376306620209
42,0.5745,0.9416884247171453
42,0.575,0.9417391304347826
42,0.5755,0.9417897480451781
42,0.576,0.9418402777777778
42,0.5765,0.9418907198612315
42,0.577,0.9419410745233969
42,0.5775,0.941991341991342
42,0.578,0.9420415224913494
42,0.5785,0.9420916162489196
42,0.579,0.9421416234887737
42,0.5795,0.9421915444348576
42,0.58,0.9422413793103448
42,0.5805,0.94229112833764
42,0.581,0.9423407917383821
42,0.5815,0.942390369733448
42,0.582,0.9415807560137457
42,0.5825,0.9416309012875537
42,0.583,0.9416809605488851
42,0.5835,0.9417309340188518
42,0.584,0.9417808219178082
42,0.5845,0.941830624465355
42,0.585,0.9418803418803419
42,0.5855,0.941929974380871
42,0.586,0.9419795221843004
42,0.5865,0.9420289855072463
42,0.587,0.9420783645655877
42,0.5875,0.9421276595744681
42,0.588,0.9421768707482994
42,0.5885,0.9422259983007647
42,0.589,0.9422750424448217
42,0.5895,0.9423240033927057
42,0.59,0.9423728813559322
42,0.5905,0.9424216765453006
42,0.591,0.9416243654822335
42,0.5915,0.9416737109044802
42,0.592,0.941722972972973
42,0.5925,0.9417721518987342
42,0.593,0.9418212478920742
42,0.5935,0.9418702611625948
42,0.594,0.9419191919191919
42,0.5945,0.9419680403700589
42,0.595,0.9411764705882353
42,0.5955,0.9403862300587741
42,0.596,0.9404362416107382
42,0.5965,0.9404861693210393
42,0.597,0.940536013400335
42,0.5975,0.9405857740585774
42,0.598,0.9406354515050167
42,0.5985,0.9406850459482038
42,0.599,0.9407345575959933
42,0.5995,0.9407839866555463
42,0.6,0.9408333333333333
42,0.6005,0.9408825978351374
42,0.601,0.9409317803660566
42,0.6015,0.940980881130507
42,0.602,0.9410299003322259
42,0.6025,0.9410788381742738
42,0.603,0.9402985074626866
42,0.6035,0.9403479701739851
42,0.604,0.9395695364238411
42,0.6045,0.9396195202646815
42,0.605,0.9396694214876034
42,0.6055,0.9397192402972749
42,0.606,0.9389438943894389
42,0.6065,0.9389942291838417
42,0.607,0.9390444810543658
42,0.6075,0.9390946502057613
42,0.608,0.9391447368421053
42,0.6085,0.9391947411668036
42,0.609,0.9392446633825944
42,0.6095,0.9384741591468416
42,0.61,0.9385245901639344
42,0.6105,0.9385749385749386
42,0.611,0.9386252045826514
42,0.6115,0.9386753883892068
42,0.612,0.9387254901960784
42,0.6125,0.9387755102040817
42,0.613,0.9380097879282219
42,0.6135,0.9380603096984516
42,0.614,0.9381107491856677
42,0.6145,0.9381611065907242
42,0.615,0.9382113821138212
42,0.6155,0.9382615759545085
42,0.616,0.9383116883116883
42,0.6165,0.9383617193836172
42,0.617,0.9384116693679092
42,0.6175,0.9384615384615385
42,0.618,0.9385113268608414
42,0.6185,0.9385610347615198
42,0.619,0.938610662358643
42,0.6195,0.9386602098466506
42,0.62,0.9379032258064516
42,0.6205,0.9379532634971797
42,0.621,0.9380032206119162
42,0.6215,0.9372485921158488
42,0.622,0.9372990353697749
42,0.6225,0.9373493975903614
42,0.623,0.9373996789727127
42,0.6235,0.9374498797113071
42,0.624,0.9375
42,0.6245,0.9375500400320256
42,0.625,0.9376
42,0.6255,0.9376498800959233
42,0.626,0.9376996805111821
42,0.6265,0.936951316839585
42,0.627,0.9370015948963317
42,0.6275,0.9370517928286852
42,0.628,0.9371019108280255
42,0.6285,0.9371519490851233
42,0.629,0.9372019077901431
42,0.6295,0.937251787132645
42,0.63,0.9373015873015873
42,0.6305,0.9373513084853291
42,0.631,0.9374009508716323
42,0.6315,0.9374505146476643
42,0.632,0.9375
42,0.6325,0.9375494071146245
42,0.633,0.9368088467614534
42,0.6335,0.9368587213891081
42,0.634,0.9369085173501577
42,0.6345,0.9369582348305753
42,0.635,0.937007874015748
42,0.6355,0.9370574350904799
42,0.636,0.9371069182389937
42,0.6365,0.9371563236449332
42,0.637,0.9372056514913658
42,0.6375,0.9372549019607843
42,0.638,0.9373040752351097
42,0.6385,0.9373531714956931
42,0.639,0.9374021909233177
42,0.6395,0.9374511336982018
42,0.64,0.9375
42,0.6405,0.9375487900078064
42,0.641,0.9375975039001561
42,0.6415,0.9376461418550273
42,0.642,0.9376947040498442
42,0.6425,0.9369649805447471
42,0.643,0.9370139968895801
42,0.6435,0.9370629370629371
42,0.644,0.937111801242236
42,0.6445,0.9371605896043445
42,0.645,0.9372093023255814
42,0.6455,0.9372579395817195
42,0.646,0.9373065015479877
42,0.6465,0.9373549883990719
42,0.647,0.9374034003091191
42,0.6475,0.9374517374517375
42,0.648,0.9375
42,0.6485,0.9375481881264457
42,0.649,0.9368258859784283
42,0.6495,0.9368745188606621
42,0.65,0.9361538461538461
42,0.6505,0.9362029208301307
42,0.651,0.9362519201228878
42,0.6515,0.9363008442056792
42,0.652,0.9363496932515337
42,0.6525,0.9356321839080459
42,0.653,0.9356814701378254
42,0.6535,0.9357306809487376
42,0.654,0.9357798165137615
42,0.6545,0.9358288770053476
42,0.655,0.9358778625954198
42,0.6555,0.9359267734553776
42,0.656,0.9359756097560976
42,0.6565,0.9360243716679361
42,0.657,0.9360730593607306
42,0.6575,0.935361216730038
42,0.658,0.9354103343465046
42,0.6585,0.9347000759301443
42,0.659,0.9347496206373292
42,0.6595,0.9347990902198635
42,0.66,0.9348484848484848
42,0.6605,0.9348978046934141
42,0.661,0.9349470499243571
42,0.6615,0.9349962207105065
42,0.662,0.9350453172205438
42,0.6625,0.9350943396226415
42,0.663,0.9351432880844646
42,0.6635,0.9351921627731725
42,0.664,0.9352409638554217
42,0.6645,0.9345372460496614
42,0.665,0.9345864661654135
42,0.6655,0.9346356123215628
42,0.666,0.933933933933934
42,0.6665,0.9339834958739685
42,0.667,0.9332833583208395
42,0.6675,0.9333333333333333
42,0.668,0.9333832335329342
42,0.6685,0.9334330590875094
42,0.669,0.9334828101644245
42,0.6695,0.9335324869305451
42,0.67,0.9335820895522388
42,0.6705,0.9328859060402684
42,0.671,0.9329359165424739
42,0.6715,0.9329858525688757
42,0.672,0.9330357142857143
42,0.6725,0.9330855018587361
42,0.673,0.9331352154531947
42,0.6735,0.9324424647364514
42,0.674,0.9324925816023739
42,0.6745,0.9325426241660489
42,0.675,0.9325925925925926
42,0.6755,0.9319022945965951
42,0.676,0.9319526627218935
42,0.6765,0.9320029563932003
42,0.677,0.931314623338257
42,0.6775,0.9313653136531366
42,0.678,0.9314159292035398
42,0.6785,0.9314664701547531
42,0.679,0.930780559646539
42,0.6795,0.9308314937454011
42,0.68,0.9308823529411765
42,0.6805,0.9309331373989713
42,0.681,0.9309838472834068
42,0.6815,0.9310344827586207
42,0.682,0.9303519061583577
42,0.6825,0.9304029304029304
42,0.683,0.9304538799414348
42,0.6835,0.93050475493782
42,0.684,0.9305555555555556
42,0.6845,0.9306062819576333
42,0.685,0.9306569343065694
42,0.6855,0.9307075127644056
42,0.686,0.9307580174927114
42,0.6865,0.9308084486525856
42,0.687,0.9308588064046579
42,0.6875,0.9309090909090909
42,0.688,0.9309593023255814
42,0.6885,0.9302832244008714
42,0.689,0.9296081277213353
42,0.6895,0.9289340101522843
42,0.69,0.9282608695652174
42,0.6905,0.9283128167994207
42,0.691,0.9283646888567294
42,0.6915,0.928416485900217
42,0.692,0.9284682080924855
42,0.6925,0.9285198555956679
42,0.693,0.9285714285714286
42,0.6935,0.9286229271809661
42,0.694,0.9286743515850144
42,0.6945,0.9287257019438445
42,0.695,0.9280575539568345
42,0.6955,0.9273903666427031
42,0.696,0.9274425287356322
42,0.6965,0.9267767408470926
42,0.697,0.9261119081779053
42,0.6975,0.9261648745519713
42,0.698,0.9262177650429799
42,0.6985,0.9262705798138869
42,0.699,0.9263233190271817
42,0.6995,0.9263759828448892
42,0.7,0.9257142857142857
42,0.7005,0.9257673090649536
42,0.701,0.9258202567760342
42,0.7015,0.9258731290092659
42,0.702,0.9259259259259259
42,0.7025,0.9259786476868327
42,0.703,0.9260312944523471
42,0.7035,0.9260838663823738
42,0.704,0.9261363636363636
42,0.7045,0.9261887863733144
42,0.705,0.926241134751773
42,0.7055,0.9255846917080085
42,0.706,0.9256373937677054
42,0.7065,0.9256900212314225
42,0.707,0.9257425742574258
42,0.7075,0.9257950530035336
42,0.708,0.9258474576271186
42,0.7085,0.9251940719830628
42,0.709,0.9245416078984485
42,0.7095,0.9245947850599013
42,0.71,0.9246478873239437
42,0.7105,0.9247009148486981
42,0.711,0.9247538677918424
42,0.7115,0.9248067463106114
42,0.712,0.9241573033707865
42,0.7125,0.9242105263157895
42,0.713,0.923562412342216
42,0.7135,0.9236159775753329
42,0.714,0.9236694677871149
42,0.7145,0.9237228831350595
42,0.715,0.9237762237762238
42,0.7155,0.9238294898672257
42,0.716,0.9238826815642458
42,0.7165,0.9232379623168179
42,0.717,0.9232914923291492
42,0.7175,0.9233449477351916
42,0.718,0.9233983286908078
42,0.7185,0.9234516353514266
42,0.719,0.9235048678720446
42,0.7195,0.9235580264072273
42,0.72,0.9236111111111112
42,0.7205,0.9236641221374046
42,0.721,0.9237170596393898
42,0.7215,0.9230769230769231
42,0.722,0.9231301939058172
42,0.7225,0.9224913494809689
42,0.723,0.9225449515905948
42,0.7235,0.9225984796129924
42,0.724,0.9226519337016574
42,0.7245,0.9227053140096618
42,0.725,0.9220689655172414
42,0.7255,0.9221226740179187
42,0.726,0.9214876033057852
42,0.7265,0.9215416379903648
42,0.727,0.920907840440165
42,0.7275,0.9209621993127147
42,0.728,0.9210164835164835
42,0.7285,0.9210706932052162
42,0.729,0.9204389574759945
42,0.7295,0.9204934886908842
42,0.73,0.9198630136986301
42,0.7305,0.919917864476386
42,0.731,0.9199726402188783
42,0.7315,0.9200273410799726
42,0.732,0.9200819672131147
42,0.7325,0.9201365187713311
42,0.733,0.9201909959072305
42,0.7335,0.9202453987730062
42,0.734,0.920299727520436
42,0.7345,0.9203539823008849
42,0.735,0.9204081632653062
42,0.7355,0.920462270564242
42,0.736,0.920516304347826
42,0.7365,0.9205702647657841
42,0.737,0.9206241519674355
42,0.7375,0.920677966101695
42,0.738,0.9207317073170732
42,0.7385,0.9207853757616791
42,0.739,0.9208389715832206
42,0.7395,0.920892494929006
42,0.74,0.9209459459459459
42,0.7405,0.9209993247805537
42,0.741,0.9210526315789473
42,0.7415,0.921105866486851
42,0.742,0.9211590296495957
42,0.7425,0.9212121212121213
42,0.743,0.9212651413189771
42,0.7435,0.9213180901143242
42,0.744,0.9206989247311828
42,0.7445,0.9207521826729349
42,0.745,0.9201342281879195
42,0.7455,0.92018779342723
42,0.746,0.9202412868632708
42,0.7465,0.9202947086403215
42,0.747,0.9203480589022758
42,0.7475,0.9204013377926421
42,0.748,0.9204545454545454
42,0.7485,0.9205076820307281
42,0.749,0.9205607476635514
42,0.7495,0.9206137424949966
42,0.75,0.9206666666666666
42,0.7505,0.9200532978014657
42,0.751,0.9201065246338216
42,0.7515,0.9201596806387226
42,0.752,0.9202127659574468
42,0.7525,0.920265780730897
42,0.753,0.9203187250996016
42,0.7535,0.9197080291970803
42,0.754,0.919761273209549
42,0.7545,0.9198144466534128
42,0.755,0.9198675496688742
42,0.7555,0.9192587690271343
42,0.756,0.9186507936507936
42,0.7565,0.9187045604758758
42,0.757,0.9180977542932629
42,0.7575,0.9181518151815181
42,0.758,0.9182058047493403
42,0.7585,0.9182597231377719
42,0.759,0.9183135704874835
42,0.7595,0.9177090190915076
42,0.76,0.9177631578947368
42,0.7605,0.9178172255095332
42,0.761,0.9172141918528253
42,0.7615,0.9172685489166119
42,0.762,0.9173228346456693
42,0.7625,0.9173770491803279
42,0.763,0.9174311926605505
42,0.7635,0.9174852652259332
42,0.764,0.9168848167539267
42,0.7645,0.9169391759319817
42,0.765,0.9163398692810457
42,0.7655,0.9163945133899413
42,0.766,0.9164490861618799
42,0.7665,0.9165035877364645
42,0.767,0.9159061277705346
42,0.7675,0.9159609120521173
42,0.768,0.916015625
42,0.7685,0.9160702667534157
42,0.769,0.9154746423927178
42,0.7695,0.9155295646523717
42,0.77,0.9149350649350649
42,0.7705,0.9149902660609993
42,0.771,0.914396887159533
42,0.7715,0.9138042773817239
42,0.772,0.9132124352331606
42,0.7725,0.912621359223301
42,0.773,0.9126778783958602
42,0.7735,0.9127343244990304
42,0.774,0.9127906976744186
42,0.7745,0.9128469980632666
42,0.775,0.9129032258064517
42,0.7755,0.912314635718891
42,0.776,0.9123711340206185
42,0.7765,0.9124275595621378
42,0.777,0.9118404118404119
42,0.7775,0.9118971061093247
42,0.778,0.9119537275064268
42,0.7785,0.9120102761721259
42,0.779,0.9120667522464698
42,0.7795,0.9121231558691469
42,0.78,0.9121794871794872
42,0.7805,0.9122357463164638
42,0.781,0.912291933418694
42,0.7815,0.9123480486244402
42,0.782,0.9117647058823529
42,0.7825,0.9118210862619809
42,0.783,0.9112388250319284
42,0.7835,0.9112954690491385
42,0.784,0.9113520408163265
42,0.7845,0.911408540471638
42,0.785,0.9114649681528663
42,0.7855,0.9115213239974539
42,0.786,0.9115776081424937
42,0.7865,0.9116338207247299
42,0.787,0.9116899618805591
42,0.7875,0.9117460317460317
42,0.788,0.9118020304568528
42,0.7885,0.911857958148383
42,0.789,0.9112801013941698
42,0.7895,0.9107029765674477
42,0.79,0.910759493670886
42,0.7905,0.9108159392789373
42,0.791,0.9108723135271808
42,0.7915,0.9109286165508528
42,0.792,0.9109848484848485
42,0.7925,0.9110410094637224
42,0.793,0.9110970996216898
42,0.7935,0.9111531190926276
42,0.794,0.9112090680100756
42,0.7945,0.9106356198867213
42,0.795,0.9106918238993711
42,0.7955,0.9107479572595851
42,0.796,0.910175879396985
42,0.7965,0.9102322661644695
42,0.797,0.910288582183187
42,0.7975,0.9103448275862069
42,0.798,0.9104010025062657
42,0.7985,0.9104571070757671
42,0.799,0.9105131414267835
42,0.7995,0.9105691056910569
42,0.8,0.910625
42,0.8005,0.9106808244846971
42,0.801,0.9101123595505618
42,0.8015,0.9101684341859014
42,0.802,0.9102244389027432
42,0.8025,0.9102803738317757
42,0.803,0.9103362391033624
42,0.8035,0.910392034847542
42,0.804,0.9104477611940298
42,0.8045,0.9105034182722188
42,0.805,0.9105590062111801
42,0.8055,0.909993792675357
42,0.806,0.9100496277915633
42,0.8065,0.9101053936763794
42,0.807,0.9101610904584883
42,0.8075,0.9095975232198142
42,0.808,0.9090346534653465
42,0.8085,0.9084724799010513
42,0.809,0.9085290482076638
42,0.8095,0.9085855466337245
42,0.81,0.908641975308642
42,0.8105,0.9086983343615053
42,0.811,0.9087546239210851
42,0.8115,0.9081947011706716
42,0.812,0.9082512315270936
42,0.8125,0.9083076923076923
42,0.813,0.9083640836408364
42,0.8135,0.9084204056545789
42,0.814,0.9084766584766585
42,0.8145,0.9079189686924494
42,0.815,0.907361963190184
42,0.8155,0.9074187614960147
42,0.816,0.9074754901960784
42,0.8165,0.9075321494182487
42,0.817,0.9069767441860465
42,0.8175,0.9070336391437309
42,0.818,0.9070904645476773
42,0.8185,0.9065363469761759
42,0.819,0.9065934065934066
42,0.8195,0.9066503965832825
42,0.82,0.9060975609756098
42,0.8205,0.9061547836684948
42,0.821,0.9062119366626066
42,0.8215,0.9062690200852099
42,0.822,0.9063260340632603
42,0.8225,0.9063829787234042
42,0.823,0.9064398541919806
42,0.8235,0.9064966605950212
42,0.824,0.9059466019417476
42,0.8245,0.9060036385688296
42,0.825,0.9054545454545454
42,0.8255,0.905511811023622
42,0.826,0.9049636803874092
42,0.8265,0.9050211736237145
42,0.827,0.9050785973397824
42,0.8275,0.9051359516616314
42,0.828,0.9051932367149759
42,0.8285,0.9052504526252263
42,0.829,0.905307599517491
42,0.8295,0.9053646775165762
42,0.83,0.9048192771084337
42,0.8305,0.9042745334136063
42,0.831,0.9043321299638989
42,0.8315,0.9043896572459411
42,0.832,0.9044471153846154
42,0.8325,0.9045045045045045
42,0.833,0.904561824729892
42,0.8335,0.904619076184763
42,0.834,0.9040767386091128
42,0.8345,0.9041342121030557
42,0.835,0.9041916167664671
42,0.8355,0.9042489527229204
42,0.836,0.9037081339712919
42,0.8365,0.9037656903765691
42,0.837,0.9032258064516129
42,0.8375,0.9032835820895523
42,0.838,0.9033412887828163
42,0.8385,0.9028026237328562
42,0.839,0.9028605482717521
42,0.8395,0.9029184038117928
42,0.84,0.9023809523809524
42,0.8405,0.9018441403926234
42,0.841,0.901307966706302
42,0.8415,0.9013666072489602
42,0.842,0.9014251781472684
42,0.8425,0.9014836795252226
42,0.843,0.9015421115065243
42,0.8435,0.9016004742145821
42,0.844,0.9010663507109005
42,0.8445,0.9011249259917111
42,0.845,0.9011834319526627
42,0.8455,0.9006505026611472
42,0.846,0.900709219858156
42,0.8465,0.9007678676904902
42,0.847,0.9008264462809917
42,0.8475,0.9008849557522124
42,0.848,0.9009433962264151
42,0.8485,0.9004124926340601
42,0.849,0.9004711425206124
42,0.8495,0.9005297233666862
42,0.85,0.9
42,0.8505,0.9000587889476779
42,0.851,0.900117508813161
42,0.8515,0.9001761597181445
42,0.852,0.9002347417840375
42,0.8525,0.9002932551319648
42,0.853,0.9003516998827668
42,0.8535,0.9004100761570006
42,0.854,0.8998829039812647
42,0.8545,0.8999414862492686
42,0.855,0.9
42,0.8555,0.9000584453535944
42,0.856,0.9001168224299065
42,0.8565,0.8995913601868067
42,0.857,0.8990665110851809
42,0.8575,0.8991253644314868
42,0.858,0.8991841491841492
42,0.8585,0.8986604542807222
42,0.859,0.8987194412107101
42,0.8595,0.898196625945317
42,0.86,0.8982558139534884
42,0.8605,0.8983149331783846
42,0.861,0.8983739837398373
42,0.8615,0.8984329657573998
42,0.862,0.8979118329466357
42,0.8625,0.8979710144927536
42,0.863,0.8980301274623407
42,0.8635,0.897510133178923
42,0.864,0.8975694444444444
42,0.8645,0.8976286871023713
42,0.865,0.8976878612716763
42,0.8655,0.8977469670710572
42,0.866,0.8978060046189377
42,0.8665,0.8972879399884593
42,0.867,0.8967704728950404
42,0.8675,0.8968299711815562
42,0.868,0.8963133640552995
42,0.8685,0.895797351755901
42,0.869,0.8958573072497124
42,0.8695,0.8959171937895342
42,0.87,0.8959770114942529
42,0.8705,0.8960367604824814
42,0.871,0.8955223880597015
42,0.8715,0.8950086058519794
42,0.872,0.8944954128440367
42,0.8725,0.8945558739255014
42,0.873,0.8946162657502864
42,0.8735,0.8946765884373211
42,0.874,0.8947368421052632
42,0.8745,0.8942252715837622
42,0.875,0.8937142857142857
42,0.8755,0.8932038834951457
42,0.876,0.8932648401826484
42,0.8765,0.8927552766685681
42,0.877,0.8928164196123147
42,0.8775,0.8928774928774929
42,0.878,0.8929384965831435
42,0.8785,0.8924302788844621
42,0.879,0.8919226393629124
42,0.8795,0.8914155770324048
42,0.88,0.8914772727272727
42,0.8805,0.8915388983532084
42,0.881,0.8916004540295119
42,0.8815,0.8916619398752127
42,0.882,0.8917233560090703
42,0.8825,0.8912181303116147
42,0.883,0.8912797281993206
42,0.8835,0.8907753254102999
42,0.884,0.8908371040723982
42,0.8845,0.8908988128886377
42,0.885,0.8909604519774011
42,0.8855,0.8910220214568041
42,0.886,0.8905191873589164
42,0.8865,0.8900169204737732
42,0.887,0.8900789177001127
42,0.8875,0.8901408450704226
42,0.888,0.8896396396396397
42,0.8885,0.8897017445132246
42,0.889,0.8892013498312711
42,0.8895,0.8892636312535133
42,0.89,0.8887640449438202
42,0.8905,0.8888265019651881
42,0.891,0.888327721661055
42,0.8915,0.8883903533370724
42,0.892,0.8884529147982063
42,0.8925,0.8879551820728291
42,0.893,0.8880179171332587
42,0.8935,0.8875209848908786
42,0.894,0.8870246085011185
42,0.8945,0.8870877585243152
42,0.895,0.8871508379888268
42,0.8955,0.887213847012842
42,0.896,0.8872767857142857
42,0.8965,0.886781929726715
42,0.897,0.8862876254180602
42,0.8975,0.8857938718662952
42,0.898,0.8853006681514477
42,0.8985,0.8848080133555927
42,0.899,0.8843159065628476
42,0.8995,0.8838243468593663
42,0.9,0.8838888888888888
42,0.9005,0.8833981121599112
42,0.901,0.8834628190899001
42,0.9015,0.8835274542429284
42,0.902,0.8835920177383592
42,0.9025,0.8836565096952909
42,0.903,0.8831672203765227
42,0.9035,0.8832318760376314
42,0.904,0.8827433628318584
42,0.9045,0.882808181315644
42,0.905,0.8828729281767956
42,0.9055,0.8829376035339591
42,0.906,0.8824503311258278
42,0.9065,0.882515168229454
42,0.907,0.88257993384785
42,0.9075,0.8826446280991735
42,0.908,0.8827092511013216
42,0.9085,0.8822234452394057
42,0.909,0.8822882288228823
42,0.9095,0.8823529411764706
42,0.91,0.8818681318681318
42,0.9105,0.8819330038440417
42,0.911,0.8819978046103183
42,0.9115,0.882062534284147
42,0.912,0.8821271929824561
42,0.9125,0.8821917808219178
42,0.913,0.8817086527929902
42,0.9135,0.8817733990147784
42,0.914,0.8818380743982495
42,0.9145,0.8819026790595954
42,0.915,0.8819672131147541
42,0.9155,0.8814855270344074
42,0.916,0.881004366812227
42,0.9165,0.8810692853246045
42,0.917,0.88113413304253
42,0.9175,0.8806539509536785
42,0.918,0.880718954248366
42,0.9185,0.8807838867719108
42,0.919,0.8808487486398259
42,0.9195,0.8803697661772703
42,0.92,0.8804347826086957
42,0.9205,0.8804997284084737
42,0.921,0.8805646036916395
42,0.9215,0.8806294085729789
42,0.922,0.8806941431670282
42,0.9225,0.8807588075880759
42,0.923,0.8802816901408451
42,0.9235,0.8798050893340552
42,0.924,0.8793290043290043
42,0.9245,0.8788534342888048
42,0.925,0.8789189189189189
42,0.9255,0.8789843327930849
42,0.926,0.8790496760259179
42,0.9265,0.8785752833243389
42,0.927,0.8786407766990292
42,0.9275,0.8787061994609164
42,0.928,0.8787715517241379
42,0.9285,0.8788368336025848
42,0.929,0.8789020452099031
42,0.9295,0.8784292630446476
42,0.93,0.8779569892473118
42,0.9305,0.8774852229983879
42,0.931,0.8775510204081632
42,0.9315,0.8776167471819646
42,0.932,0.8776824034334764
42,0.9325,0.8777479892761394
42,0.933,0.8778135048231511
42,0.9335,0.8778789501874665
42,0.934,0.8779443254817987
42,0.9345,0.8774745853397539
42,0.935,0.8775401069518717
42,0.9355,0.877605558524853
42,0.936,0.8771367521367521
42,0.9365,0.8766684463427656
42,0.937,0.8762006403415155
42,0.9375,0.8762666666666666
42,0.938,0.8763326226012793
42,0.9385,0.8763985082578583
42,0.939,0.8759318423855165
42,0.9395,0.8754656732304418
42,0.94,0.875531914893617
42,0.9405,0.8750664540138224
42,0.941,0.8746014877789585
42,0.9415,0.8741370154009559
42,0.942,0.8736730360934183
42,0.9425,0.8732095490716181
42,0.943,0.8727465535524921
42,0.9435,0.8722840487546369
42,0.944,0.871822033898305
42,0.9445,0.8718898888300688
42,0.945,0.8714285714285714
42,0.9455,0.8714965626652564
42,0.946,0.8715644820295984
42,0.9465,0.8711040676175383
42,0.947,0.8711721224920802
42,0.9475,0.8712401055408971
42,0.948,0.8713080168776371
42,0.9485,0.871375856615709
42,0.949,0.8714436248682824
42,0.9495,0.8709847288046341
42,0.95,0.8710526315789474
42,0.9505,0.8705944239873751
42,0.951,0.8706624605678234
42,0.9515,0.8707304256437205
42,0.952,0.8702731092436975
42,0.9525,0.8703412073490814
42,0.953,0.8704092339979014
42,0.9535,0.869952805453592
42,0.954,0.8694968553459119
42,0.9545,0.8695652173913043
42,0.955,0.8691099476439791
42,0.9555,0.869178440607012
42,0.956,0.8687238493723849
42,0.9565,0.8682697334030319
42,0.957,0.8683385579937304
42,0.9575,0.8678851174934726
42,0.958,0.8679540709812108
42,0.9585,0.8675013041210224
42,0.959,0.867570385818561
42,0.9595,0.8671182907764461
42,0.96,0.8671875
42,0.9605,0.8672566371681416
42,0.961,0.8668054110301769
42,0.9615,0.8663546541861674
42,0.962,0.8664241164241164
42,0.9625,0.8664935064935065
42,0.963,0.8660436137071651
42,0.9635,0.8661131292163985
42,0.964,0.8656639004149378
42,0.9645,0.8652151373768792
42,0.965,0.8652849740932642
42,0.9655,0.8653547384774728
42,0.966,0.865424430641822
42,0.9665,0.8649767201241594
42,0.967,0.8645294725956567
42,0.9675,0.8640826873385012
42,0.968,0.8641528925619835
42,0.9685,0.8637067630356221
42,0.969,0.8632610939112487
42,0.9695,0.8628158844765343
42,0.97,0.8623711340206186
42,0.9705,0.8624420401854714
42,0.971,0.8625128733264675
42,0.9715,0.8620689655172413
42,0.972,0.8616255144032922
42,0.9725,0.8611825192802056
42,0.973,0.8612538540596094
42,0.9735,0.8608115048793015
42,0.974,0.8608829568788501
42,0.9745,0.8609543355566958
42,0.975,0.8605128205128205
42,0.9755,0.8600717580727832
42,0.976,0.8596311475409836
42,0.9765,0.8591909882232462
42,0.977,0.8587512794268168
42,0.9775,0.8588235294117647
42,0.978,0.8588957055214724
42,0.9785,0.8589678078691876
42,0.979,0.8590398365679265
42,0.9795,0.8591117917304747
42,0.98,0.8591836734693877
42,0.9805,0.858745537990821
42,0.981,0.8583078491335372
42,0.9815,0.8583800305654611
42,0.982,0.8584521384928717
42,0.9825,0.8585241730279898
42,0.983,0.8585961342828077
42,0.9835,0.85866802236909
42,0.984,0.858739837398374
42,0.9845,0.8588115794819705
42,0.985,0.8588832487309644
42,0.9855,0.8589548452562151
42,0.986,0.8585192697768763
42,0.9865,0.858590978205778
42,0.987,0.8581560283687943
42,0.9875,0.8577215189873417
42,0.988,0.8577935222672065
42,0.9885,0.8578654527061204
42,0.989,0.8579373104145601
42,0.9895,0.8580090955027792
42,0.99,0.8575757575757575
42,0.9905,0.8576476527006562
42,0.991,0.8577194752774975
42,0.9915,0.8577912254160364
42,0.992,0.8573588709677419
42,0.9925,0.856926952141058
42,0.993,0.8569989929506546
42,0.9935,0.8565676899849018
42,0.994,0.8566398390342053
42,0.9945,0.8562091503267973
42,0.995,0.8562814070351759
42,0.9955,0.8558513309894525
42,0.996,0.8554216867469879
42,0.9965,0.8554942298043151
42,0.997,0.8555667001003009
42,0.9975,0.8556390977443609
42,0.998,0.8557114228456913
42,0.9985,0.85578367551327
42,0.999,0.8558558558558559
42,0.9995,0.855927963981991
42,1.0,0.856
7,0.0005,1.0
7,0.001,1.0
7,0.0015,1.0
7,0.002,1.0
7,0.0025,1.0
7,0.003,1.0
7,0.0035,1.0
7,0.004,1.0
7,0.0045,1.0
7,0.005,1.0
7,0.0055,1.0
7,0.006,1.0
7,0.0065,1.0
7,0.007,1.0
7,0.0075,1.0
7,0.008,1.0
7,0.0085,0.9411764705882353
7,0.009,0.9444444444444444
7,0.0095,0.9473684210526315
7,0.01,0.95
7,0.0105,0.9523809523809523
7,0.011,0.9545454545454546
7,0.0115,0.9565217391304348
7,0.012,0.9583333333333334
7,0.0125,0.96
7,0.013,0.9615384615384616
7,0.0135,0.9629629629629629
7,0.014,0.9642857142857143
7,0.0145,0.9655172413793104
7,0.015,0.9666666666666667
7,0.0155,0.967741935483871
7,0.016,0.96875
7,0.0165,0.9696969696969697
7,0.017,0.9705882352941176
7,0.0175,0.9714285714285714
7,0.018,0.9722222222222222
7,0.0185,0.972972972972973
7,0.019,0.9736842105263158
7,0.0195,0.9743589743589743
7,0.02,0.975
7,0.0205,0.975609756097561
7,0.021,0.9761904761904762
7,0.0215,0.9767441860465116
7,0.022,0.9772727272727273
7,0.0225,0.9777777777777777
7,0.023,0.9782608695652174
7,0.0235,0.9787234042553191
7,0.024,0.9791666666666666
7,0.0245,0.9795918367346939
7,0.025,0.98
7,0.0255,0.9803921568627451
7,0.026,0.9807692307692307
7,0.0265,0.9811320754716981
7,0.027,0.9814814814814815
7,0.0275,0.9818181818181818
7,0.028,0.9821428571428571
7,0.0285,0.9824561403508771
7,0.029,0.9827586206896551
7,0.0295,0.9830508474576272
7,0.03,0.9833333333333333
7,0.0305,0.9836065573770492
7,0.031,0.9838709677419355
7,0.0315,0.9841269841269841
7,0.032,0.984375
7,0.0325,0.9846153846153847
7,0.033,0.9848484848484849
7,0.0335,0.9850746268656716
7,0.034,0.9852941176470589
7,0.0345,0.9855072463768116
7,0.035,0.9857142857142858
7,0.0355,0.9859154929577465
7,0.036,0.9861111111111112
7,0.0365,0.9863013698630136
7,0.037,0.9864864864864865
7,0.0375,0.9866666666666667
7,0.038,0.9868421052631579
7,0.0385,0.987012987012987
7,0.039,0.9871794871794872
7,0.0395,0.9873417721518988
7,0.04,0.9875
7,0.0405,0.9876543209876543
7,0.041,0.9878048780487805
7,0.0415,0.9879518072289156
7,0.042,0.9761904761904762
7,0.0425,0.9764705882352941
7,0.043,0.9767441860465116
7,0.0435,0.9770114942528736
7,0.044,0.9772727272727273
7,0.0445,0.9775280898876404
7,0.045,0.9777777777777777
7,0.0455,0.978021978021978
7,0.046,0.9782608695652174
7,0.0465,0.978494623655914
7,0.047,0.9787234042553191
7,0.0475,0.968421052631579
7,0.048,0.96875
7,0.0485,0.9690721649484536
7,0.049,0.9693877551020408
7,0.0495,0.9696969696969697
7,0.05,0.96
7,0.0505,0.9603960396039604
7,0.051,0.9607843137254902
7,0.0515,0.9611650485436893
7,0.052,0.9615384615384616
7,0.0525,0.9619047619047619
7,0.053,0.9622641509433962
7,0.0535,0.9626168224299065
7,0.054,0.9629629629629629
7,0.0545,0.963302752293578
7,0.055,0.9636363636363636
7,0.0555,0.963963963963964
7,0.056,0.9642857142857143
7,0.0565,0.9646017699115044
7,0.057,0.9649122807017544
7,0.0575,0.9652173913043478
7,0.058,0.9568965517241379
7,0.0585,0.9572649572649573
7,0.059,0.9576271186440678
7,0.0595,0.957983193277311
7,0.06,0.9583333333333334
7,0.0605,0.9586776859504132
7,0.061,0.9590163934426229
7,0.0615,0.959349593495935
7,0.062,0.9596774193548387
7,0.0625,0.96
7,0.063,0.9603174603174603
7,0.0635,0.9606299212598425
7,0.064,0.9609375
7,0.0645,0.9612403100775194
7,0.065,0.9615384615384616
7,0.0655,0.9618320610687023
7,0.066,0.9621212121212122
7,0.0665,0.9624060150375939
7,0.067,0.9626865671641791
7,0.0675,0.9629629629629629
7,0.068,0.9632352941176471
7,0.0685,0.9635036496350365
7,0.069,0.9637681159420289
7,0.0695,0.9640287769784173
7,0.07,0.9642857142857143
7,0.0705,0.9645390070921985
7,0.071,0.9647887323943662
7,0.0715,0.965034965034965
7,0.072,0.9652777777777778
7,0.0725,0.9586206896551724
7,0.073,0.958904109589041
7,0.0735,0.9591836734693877
7,0.074,0.9594594594594594
7,0.0745,0.959731543624161
7,0.075,0.9533333333333334
7,0.0755,0.9536423841059603
7,0.076,0.9539473684210527
7,0.0765,0.954248366013072
7,0.077,0.9545454545454546
7,0.0775,0.9548387096774194
7,0.078,0.9551282051282052
7,0.0785,0.9554140127388535
7,0.079,0.9556962025316456
7,0.0795,0.9559748427672956
7,0.08,0.95625
7,0.0805,0.9565217391304348
7,0.081,0.9567901234567902
7,0.0815,0.9570552147239264
7,0.082,0.9573170731707317
7,0.0825,0.9575757575757575
7,0.083,0.9578313253012049
7,0.0835,0.9580838323353293
7,0.084,0.9583333333333334
7,0.0845,0.9585798816568047
7,0.085,0.9588235294117647
7,0.0855,0.9590643274853801
7,0.086,0.9593023255813954
7,0.0865,0.9595375722543352
7,0.087,0.9597701149425287
7,0.0875,0.96
7,0.088,0.9602272727272727
7,0.0885,0.96045197740113
7,0.089,0.9606741573033708
7,0.0895,0.9608938547486033
7,0.09,0.9611111111111111
7,0.0905,0.9613259668508287
7,0.091,0.9615384615384616
7,0.0915,0.9617486338797814
7,0.092,0.9619565217391305
7,0.0925,0.9621621621621622
7,0.093,0.9623655913978495
7,0.0935,0.9625668449197861
7,0.094,0.9627659574468085
7,0.0945,0.9629629629629629
7,0.095,0.9631578947368421
7,0.0955,0.9633507853403142
7,0.096,0.9635416666666666
7,0.0965,0.9637305699481865
7,0.097,0.9639175257731959
7,0.0975,0.9641025641025641
7,0.098,0.9642857142857143
7,0.0985,0.9644670050761421
7,0.099,0.9595959595959596
7,0.0995,0.9597989949748744
7,0.1,0.96
7,0.1005,0.9601990049751243
7,0.101,0.9603960396039604
7,0.1015,0.9605911330049262
7,0.102,0.9607843137254902
7,0.1025,0.9609756097560975
7,0.103,0.9611650485436893
7,0.1035,0.961352657004831
7,0.104,0.9615384615384616
7,0.1045,0.9617224880382775
7,0.105,0.9619047619047619
7,0.1055,0.9620853080568721
7,0.106,0.9622641509433962
7,0.1065,0.9624413145539906
7,0.107,0.9626168224299065
7,0.1075,0.9627906976744186
7,0.108,0.9629629629629629
7,0.1085,0.9631336405529954
7,0.109,0.963302752293578
7,0.1095,0.9634703196347032
7,0.11,0.9636363636363636
7,0.1105,0.9638009049773756
7,0.111,0.963963963963964
7,0.1115,0.9641255605381166
7,0.112,0.9642857142857143
7,0.1125,0.96
7,0.113,0.9601769911504425
7,0.1135,0.960352422907489
7,0.114,0.956140350877193
7,0.1145,0.9563318777292577
7,0.115,0.9565217391304348
7,0.1155,0.9567099567099567
7,0.116,0.9568965517241379
7,0.1165,0.9570815450643777
7,0.117,0.9572649572649573
7,0.1175,0.9574468085106383
7,0.118,0.9576271186440678
7,0.1185,0.9578059071729957
7,0.119,0.957983193277311
7,0.1195,0.9581589958158996
7,0.12,0.9583333333333334
7,0.1205,0.9585062240663901
7,0.121,0.9586776859504132
7,0.1215,0.9588477366255144
7,0.122,0.9590163934426229
7,0.1225,0.9591836734693877
7,0.123,0.959349593495935
7,0.1235,0.9595141700404858
7,0.124,0.9596774193548387
7,0.1245,0.9598393574297188
7,0.125,0.96
7,0.1255,0.9601593625498008
7,0.126,0.9603174603174603
7,0.1265,0.9604743083003953
7,0.127,0.9606299212598425
7,0.1275,0.9607843137254902
7,0.128,0.9609375
7,0.1285,0.9610894941634242
7,0.129,0.9612403100775194
7,0.1295,0.9613899613899614
7,0.13,0.9615384615384616
7,0.1305,0.9616858237547893
7,0.131,0.9618320610687023
7,0.1315,0.9619771863117871
7,0.132,0.9621212121212122
7,0.1325,0.9622641509433962
7,0.133,0.9624060150375939
7,0.1335,0.9625468164794008
7,0.134,0.9626865671641791
7,0.1345,0.9628252788104089
7,0.135,0.9629629629629629
7,0.1355,0.9630996309963099
7,0.136,0.9632352941176471
7,0.1365,0.9633699633699634
7,0.137,0.9635036496350365
7,0.1375,0.9636363636363636
7,0.138,0.9637681159420289
7,0.1385,0.9638989169675091
7,0.139,0.9640287769784173
7,0.1395,0.96415770609319
7,0.14,0.9642857142857143
7,0.1405,0.9644128113879004
7,0.141,0.9645390070921985
7,0.1415,0.9646643109540636
7,0.142,0.9647887323943662
7,0.1425,0.9649122807017544
7,0.143,0.965034965034965
7,0.1435,0.9651567944250871
7,0.144,0.9618055555555556
7,0.1445,0.9619377162629758
7,0.145,0.9620689655172414
7,0.1455,0.9621993127147767
7,0.146,0.9623287671232876
7,0.1465,0.962457337883959
7,0.147,0.9625850340136054
7,0.1475,0.9627118644067797
7,0.148,0.9628378378378378
7,0.1485,0.9595959595959596
7,0.149,0.959731543624161
7,0.1495,0.959866220735786
7,0.15,0.96
7,0.1505,0.9601328903654485
7,0.151,0.9602649006622517
7,0.1515,0.9603960396039604
7,0.152,0.9605263157894737
7,0.1525,0.9606557377049181
7,0.153,0.9607843137254902
7,0.1535,0.9609120521172638
7,0.154,0.961038961038961
7,0.1545,0.9579288025889967
7,0.155,0.9580645161290322
7,0.1555,0.9581993569131833
7,0.156,0.9583333333333334
7,0.1565,0.9584664536741214
7,0.157,0.9585987261146497
7,0.1575,0.9587301587301588
7,0.158,0.9588607594936709
7,0.1585,0.9589905362776026
7,0.159,0.9591194968553459
7,0.1595,0.9592476489028213
7,0.16,0.959375
7,0.1605,0.9595015576323987
7,0.161,0.9596273291925466
7,0.1615,0.9597523219814241
7,0.162,0.9598765432098766
7,0.1625,0.9569230769230769
7,0.163,0.9570552147239264
7,0.1635,0.9571865443425076
7,0.164,0.9573170731707317
7,0.1645,0.9574468085106383
7,0.165,0.9575757575757575
7,0.1655,0.9577039274924471
7,0.166,0.9578313253012049
7,0.1665,0.9579579579579579
7,0.167,0.9580838323353293
7,0.1675,0.9582089552238806
7,0.168,0.9583333333333334
7,0.1685,0.9584569732937686
7,0.169,0.9585798816568047
7,0.1695,0.9587020648967551
7,0.17,0.9558823529411765
7,0.1705,0.9560117302052786
7,0.171,0.9532163742690059
7,0.1715,0.9533527696793003
7,0.172,0.9534883720930233
7,0.1725,0.9536231884057971
7,0.173,0.953757225433526
7,0.1735,0.9538904899135446
7,0.174,0.9540229885057471
7,0.1745,0.9541547277936963
7,0.175,0.9542857142857143
7,0.1755,0.9544159544159544
7,0.176,0.9545454545454546
7,0.1765,0.9546742209631728
7,0.177,0.9548022598870056
7,0.1775,0.9549295774647887
7,0.178,0.9550561797752809
7,0.1785,0.9551820728291317
7,0.179,0.9553072625698324
7,0.1795,0.9554317548746518
7,0.18,0.9555555555555556
7,0.1805,0.9556786703601108
7,0.181,0.9558011049723757
7,0.1815,0.9559228650137741
7,0.182,0.9560439560439561
7,0.1825,0.9561643835616438
7,0.183,0.9562841530054644
7,0.1835,0.9564032697547684
7,0.184,0.9565217391304348
7,0.1845,0.9566395663956639
7,0.185,0.9567567567567568
7,0.1855,0.9568733153638814
7,0.186,0.956989247311828
7,0.1865,0.9571045576407506
7,0.187,0.9572192513368984
7,0.1875,0.9573333333333334
7,0.188,0.9574468085106383
7,0.1885,0.9575596816976127
7,0.189,0.9576719576719577
7,0.1895,0.9577836411609498
7,0.19,0.9578947368421052
7,0.1905,0.958005249343832
7,0.191,0.9581151832460733
7,0.1915,0.95822454308094
7,0.192,0.9583333333333334
7,0.1925,0.9584415584415584
7,0.193,0.9585492227979274
7,0.1935,0.958656330749354
7,0.194,0.9587628865979382
7,0.1945,0.9588688946015425
7,0.195,0.958974358974359
7,0.1955,0.9565217391304348
7,0.196,0.9566326530612245
7,0.1965,0.9567430025445293
7,0.197,0.9568527918781726
7,0.1975,0.9569620253164557
7,0.198,0.9570707070707071
7,0.1985,0.9571788413098237
7,0.199,0.957286432160804
7,0.1995,0.9573934837092731
7,0.2,0.9575
7,0.2005,0.9576059850374065
7,0.201,0.9577114427860697
7,0.2015,0.9578163771712159
7,0.202,0.9579207920792079
7,0.2025,0.9580246913580247
7,0.203,0.958128078817734
7,0.2035,0.9582309582309583
7,0.204,0.9583333333333334
7,0.2045,0.9584352078239609
7,0.205,0.9585365853658536
7,0.2055,0.9586374695863747
7,0.206,0.9587378640776699
7,0.2065,0.9588377723970944
7,0.207,0.9589371980676329
7,0.2075,0.9590361445783132
7,0.208,0.9591346153846154
7,0.2085,0.9592326139088729
7,0.209,0.9593301435406698
7,0.2095,0.9594272076372315
7,0.21,0.9595238095238096
7,0.2105,0.9596199524940617
7,0.211,0.9597156398104265
7,0.2115,0.9598108747044918
7,0.212,0.9599056603773585
7,0.2125,0.96
7,0.213,0.960093896713615
7,0.2135,0.9601873536299765
7,0.214,0.9602803738317757
7,0.2145,0.9603729603729604
7,0.215,0.9604651162790697
7,0.2155,0.9605568445475638
7,0.216,0.9606481481481481
7,0.2165,0.9607390300230947
7,0.217,0.9608294930875576
7,0.2175,0.960919540229885
7,0.218,0.9610091743119266
7,0.2185,0.9610983981693364
7,0.219,0.9611872146118722
7,0.2195,0.9612756264236902
7,0.22,0.9613636363636363
7,0.2205,0.9614512471655329
7,0.221,0.9615384615384616
7,0.2215,0.9616252821670429
7,0.222,0.9594594594594594
7,0.2225,0.9595505617977528
7,0.223,0.9596412556053812
7,0.2235,0.959731543624161
7,0.224,0.9598214285714286
7,0.2245,0.9599109131403119
7,0.225,0.96
7,0.2255,0.9600886917960089
7,0.226,0.9601769911504425
7,0.2265,0.9602649006622517
7,0.227,0.960352422907489
7,0.2275,0.9604395604395605
7,0.228,0.9605263157894737
7,0.2285,0.9606126914660832
7,0.229,0.9606986899563319
7,0.2295,0.9586056644880174
7,0.23,0.9565217391304348
7,0.2305,0.9566160520607375
7,0.231,0.9567099567099567
7,0.2315,0.9568034557235421
7,0.232,0.9568965517241379
7,0.2325,0.956989247311828
7,0.233,0.9570815450643777
7,0.2335,0.9571734475374732
7,0.234,0.9572649572649573
7,0.2345,0.9573560767590619
7,0.235,0.9574468085106383
7,0.2355,0.9575371549893843
7,0.236,0.9576271186440678
7,0.2365,0.9556025369978859
7,0.237,0.9556962025316456
7,0.2375,0.9557894736842105
7,0.238,0.9558823529411765
7,0.2385,0.9559748427672956
7,0.239,0.9560669456066946
7,0.2395,0.9561586638830898
7,0.24,0.9541666666666667
7,0.2405,0.9542619542619543
7,0.241,0.9543568464730291
7,0.2415,0.9544513457556936
7,0.242,0.9545454545454546
7,0.2425,0.954639175257732
7,0.243,0.9547325102880658
7,0.2435,0.9548254620123203
7,0.244,0.9549180327868853
7,0.2445,0.9550102249488752
7,0.245,0.9530612244897959
7,0.2455,0.9531568228105907
7,0.246,0.9532520325203252
7,0.2465,0.9533468559837728
7,0.247,0.9534412955465587
7,0.2475,0.9535353535353536
7,0.248,0.9536290322580645
7,0.2485,0.9537223340040242
7,0.249,0.9538152610441767
7,0.2495,0.9539078156312625
7,0.25,0.954
7,0.2505,0.9540918163672655
7,0.251,0.954183266932271
7,0.2515,0.9542743538767395
7,0.252,0.9543650793650794
7,0.2525,0.9544554455445544
7,0.253,0.9545454545454546
7,0.2535,0.9546351084812623
7,0.254,0.9547244094488189
7,0.2545,0.9548133595284872
7,0.255,0.9549019607843138
7,0.2555,0.9549902152641878
7,0.256,0.955078125
7,0.2565,0.9532163742690059
7,0.257,0.953307392996109
7,0.2575,0.9533980582524272
7,0.258,0.9534883720930233
7,0.2585,0.9535783365570599
7,0.259,0.9536679536679536
7,0.2595,0.953757225433526
7,0.26,0.9538461538461539
7,0.2605,0.9539347408829175
7,0.261,0.9540229885057471
7,0.2615,0.9541108986615678
7,0.262,0.9541984732824428
7,0.2625,0.9542857142857143
7,0.263,0.9524714828897338
7,0.2635,0.952561669829222
7,0.264,0.9526515151515151
7,0.2645,0.9527410207939508
7,0.265,0.9528301886792453
7,0.2655,0.9529190207156308
7,0.266,0.9530075187969925
7,0.2665,0.9530956848030019
7,0.267,0.9531835205992509
7,0.2675,0.9532710280373832
7,0.268,0.9533582089552238
7,0.2685,0.9534450651769087
7,0.269,0.9535315985130112
7,0.2695,0.9517625231910947
7,0.27,0.95
7,0.2705,0.9500924214417745
7,0.271,0.9501845018450185
7,0.2715,0.9502762430939227
7,0.272,0.9503676470588235
7,0.2725,0.9504587155963303
7,0.273,0.9505494505494505
7,0.2735,0.9488117001828154
7,0.274,0.9470802919708029
7,0.2745,0.9471766848816029
7,0.275,0.9472727272727273
7,0.2755,0.9473684210526315
7,0.276,0.947463768115942
7,0.2765,0.945750452079566
7,0.277,0.9458483754512635
7,0.2775,0.9459459459459459
7,0.278,0.9460431654676259
7,0.2785,0.9461400359066428
7,0.279,0.946236559139785
7,0.2795,0.9463327370304114
7,0.28,0.9464285714285714
7,0.2805,0.946524064171123
7,0.281,0.9466192170818505
7,0.2815,0.9467140319715808
7,0.282,0.9468085106382979
7,0.2825,0.9451327433628318
7,0.283,0.9452296819787986
7,0.2835,0.9435626102292769
7,0.284,0.9436619718309859
7,0.2845,0.9437609841827768
7,0.285,0.9438596491228071
7,0.2855,0.9439579684763573
7,0.286,0.9440559440559441
7,0.2865,0.944153577661431
7,0.287,0.9442508710801394
7,0.2875,0.9443478260869566
7,0.288,0.9444444444444444
7,0.2885,0.9445407279029463
7,0.289,0.9429065743944637
7,0.2895,0.9430051813471503
7,0.29,0.9431034482758621
7,0.2905,0.9432013769363167
7,0.291,0.9432989690721649
7,0.2915,0.9433962264150944
7,0.292,0.9434931506849316
7,0.2925,0.9435897435897436
7,0.293,0.9419795221843004
7,0.2935,0.9403747870528109
7,0.294,0.9404761904761905
7,0.2945,0.9405772495755518
7,0.295,0.940677966101695
7,0.2955,0.9407783417935702
7,0.296,0.9391891891891891
7,0.2965,0.93929173693086
7,0.297,0.9393939393939394
7,0.2975,0.9394957983193277
7,0.298,0.9395973154362416
7,0.2985,0.9396984924623115
7,0.299,0.939799331103679
7,0.2995,0.9398998330550918
7,0.3,0.94
7,0.3005,0.9384359400998337
7,0.301,0.9385382059800664
7,0.3015,0.9369817578772802
7,0.302,0.9370860927152318
7,0.3025,0.9371900826446281
7,0.303,0.9372937293729373
7,0.3035,0.9373970345963756
7,0.304,0.9375
7,0.3045,0.9376026272577996
7,0.305,0.9377049180327869
7,0.3055,0.9378068739770867
7,0.306,0.9379084967320261
7,0.3065,0.9380097879282219
7,0.307,0.9364820846905537
7,0.3075,0.9365853658536586
7,0.308,0.9366883116883117
7,0.3085,0.9367909238249594
7,0.309,0.9368932038834952
7,0.3095,0.9369951534733441
7,0.31,0.9354838709677419
7,0.3105,0.9355877616747182
7,0.311,0.9340836012861736
7,0.3115,0.9325842696629213
7,0.312,0.9310897435897436
7,0.3125,0.9296
7,0.313,0.9297124600638977
7,0.3135,0.9282296650717703
7,0.314,0.928343949044586
7,0.3145,0.9284578696343402
7,0.315,0.9285714285714286
7,0.3155,0.9286846275752774
7,0.316,0.9287974683544303
7,0.3165,0.9289099526066351
7,0.317,0.9290220820189274
7,0.3175,0.9291338582677166
7,0.318,0.9292452830188679
7,0.3185,0.9293563579277865
7,0.319,0.9294670846394985
7,0.3195,0.9295774647887324
7,0.32,0.928125
7,0.3205,0.9266770670826833
7,0.321,0.9252336448598131
7,0.3215,0.9253499222395023
7,0.322,0.9254658385093167
7,0.3225,0.9255813953488372
7,0.323,0.9256965944272446
7,0.3235,0.9242658423493045
7,0.324,0.9243827160493827
7,0.3245,0.9244992295839753
7,0.325,0.9246153846153846
7,0.3255,0.9231950844854071
7,0.326,0.9233128834355828
7,0.3265,0.9234303215926493
7,0.327,0.9235474006116208
7,0.3275,0.9236641221374046
7,0.328,0.9237804878048781
7,0.3285,0.923896499238965
7,0.329,0.9240121580547113
7,0.3295,0.9241274658573596
7,0.33,0.9242424242424242
7,0.3305,0.924357034795764
7,0.331,0.9244712990936556
7,0.3315,0.9245852187028658
7,0.332,0.9246987951807228
7,0.3325,0.924812030075188
7,0.333,0.924924924924925
7,0.3335,0.9250374812593704
7,0.334,0.9251497005988024
7,0.3345,0.9252615844544095
7,0.335,0.9253731343283582
7,0.3355,0.9254843517138599
7,0.336,0.9255952380952381
7,0.3365,0.9257057949479941
7,0.337,0.9258160237388724
7,0.3375,0.9259259259259259
7,0.338,0.9260355029585798
7,0.3385,0.9261447562776958
7,0.339,0.9262536873156342
7,0.3395,0.9263622974963182
7,0.34,0.9264705882352942
7,0.3405,0.9265785609397944
7,0.341,0.9266862170087976
7,0.3415,0.9267935578330894
7,0.342,0.9269005847953217
7,0.3425,0.927007299270073
7,0.343,0.9271137026239067
7,0.3435,0.9272197962154294
7,0.344,0.9273255813953488
7,0.3445,0.9274310595065312
7,0.345,0.927536231884058
7,0.3455,0.9276410998552822
7,0.346,0.9277456647398844
7,0.3465,0.9278499278499278
7,0.347,0.9279538904899135
7,0.3475,0.9280575539568345
7,0.348,0.9267241379310345
7,0.3485,0.926829268292683
7,0.349,0.9269340974212035
7,0.3495,0.927038626609442
7,0.35,0.9271428571428572
7,0.3505,0.927246790299572
7,0.351,0.9273504273504274
7,0.3515,0.9274537695590327
7,0.352,0.9275568181818182
7,0.3525,0.9276595744680851
7,0.353,0.9277620396600567
7,0.3535,0.9278642149929278
7,0.354,0.9279661016949152
7,0.3545,0.9280677009873061
7,0.355,0.928169014084507
7,0.3555,0.9282700421940928
7,0.356,0.9283707865168539
7,0.3565,0.9284712482468443
7,0.357,0.9285714285714286
7,0.3575,0.9286713286713286
7,0.358,0.9287709497206704
7,0.3585,0.9288702928870293
7,0.359,0.9289693593314763
7,0.3595,0.9290681502086231
7,0.36,0.9291666666666667
7,0.3605,0.9292649098474342
7,0.361,0.9293628808864266
7,0.3615,0.9294605809128631
7,0.362,0.9295580110497238
7,0.3625,0.9296551724137931
7,0.363,0.9297520661157025
7,0.3635,0.9298486932599724
7,0.364,0.929945054945055
7,0.3645,0.9300411522633745
7,0.365,0.9301369863013699
7,0.3655,0.9302325581395349
7,0.366,0.930327868852459
7,0.3665,0.9304229195088677
7,0.367,0.9305177111716622
7,0.3675,0.9306122448979591
7,0.368,0.9307065217391305
7,0.3685,0.9308005427408412
7,0.369,0.9308943089430894
7,0.3695,0.9309878213802436
7,0.37,0.9310810810810811
7,0.3705,0.9311740890688259
7,0.371,0.931266846361186
7,0.3715,0.9313593539703903
7,0.372,0.9314516129032258
7,0.3725,0.9315436241610738
7,0.373,0.9316353887399463
7,0.3735,0.9317269076305221
7,0.374,0.9318181818181818
7,0.3745,0.931909212283044
7,0.375,0.932
7,0.3755,0.9320905459387483
7,0.376,0.9321808510638298
7,0.3765,0.9322709163346613
7,0.377,0.9323607427055703
7,0.3775,0.9324503311258279
7,0.378,0.9325396825396826
7,0.3785,0.9326287978863936
7,0.379,0.9327176781002638
7,0.3795,0.932806324110672
7,0.38,0.9328947368421052
7,0.3805,0.9329829172141918
7,0.381,0.9330708661417323
7,0.3815,0.9331585845347313
7,0.382,0.9332460732984293
7,0.3825,0.9333333333333333
7,0.383,0.933420365535248
7,0.3835,0.9335071707953064
7,0.384,0.93359375
7,0.3845,0.9336801040312094
7,0.385,0.9337662337662338
7,0.3855,0.933852140077821
7,0.386,0.9339378238341969
7,0.3865,0.9340232858990944
7,0.387,0.9341085271317829
7,0.3875,0.9341935483870968
7,0.388,0.9342783505154639
7,0.3885,0.9343629343629344
7,0.389,0.9331619537275064
7,0.3895,0.9332477535301669
7,0.39,0.9333333333333333
7,0.3905,0.9334186939820742
7,0.391,0.9335038363171355
7,0.3915,0.933588761174968
7,0.392,0.9336734693877551
7,0.3925,0.9337579617834395
7,0.393,0.9338422391857506
7,0.3935,0.9339263024142312
7,0.394,0.934010152284264
7,0.3945,0.9340937896070975
7,0.395,0.9341772151898734
7,0.3955,0.934260429835651
7,0.396,0.9343434343434344
7,0.3965,0.9344262295081968
7,0.397,0.9345088161209067
7,0.3975,0.9345911949685535
7,0.398,0.9346733668341709
7,0.3985,0.9347553324968633
7,0.399,0.9348370927318296
7,0.3995,0.934918648310388
7,0.4,0.935
7,0.4005,0.9350811485642946
7,0.401,0.9351620947630923
7,0.4015,0.9352428393524284
7,0.402,0.9353233830845771
7,0.4025,0.9354037267080745
7,0.403,0.9354838709677419
7,0.4035,0.9355638166047088
7,0.404,0.9356435643564357
7,0.4045,0.9357231149567367
7,0.405,0.9358024691358025
7,0.4055,0.935881627620222
7,0.406,0.9359605911330049
7,0.4065,0.9360393603936039
7,0.407,0.9361179361179361
7,0.4075,0.9361963190184049
7,0.408,0.9362745098039216
7,0.4085,0.9363525091799265
7,0.409,0.9364303178484108
7,0.4095,0.9365079365079365
7,0.41,0.9365853658536586
7,0.4105,0.9366626065773447
7,0.411,0.9367396593673966
7,0.4115,0.93681652490887
7,0.412,0.9368932038834952
7,0.4125,0.936969696969697
7,0.413,0.937046004842615
7,0.4135,0.9371221281741233
7,0.414,0.9371980676328503
7,0.4145,0.9372738238841978
7,0.415,0.9373493975903614
7,0.4155,0.937424789410349
7,0.416,0.9375
7,0.4165,0.9375750300120048
7,0.417,0.9376498800959233
7,0.4175,0.9377245508982036
7,0.418,0.937799043062201
7,0.4185,0.937873357228196
7,0.419,0.9379474940334129
7,0.4195,0.9380214541120382
7,0.42,0.9380952380952381
7,0.4205,0.9381688466111772
7,0.421,0.9382422802850356
7,0.4215,0.9383155397390273
7,0.422,0.9383886255924171
7,0.4225,0.9384615384615385
7,0.423,0.9385342789598109
7,0.4235,0.9386068476977568
7,0.424,0.9386792452830188
7,0.4245,0.9387514723203769
7,0.425,0.9388235294117647
7,0.4255,0.9388954171562868
7,0.426,0.9389671361502347
7,0.4265,0.9390386869871044
7,0.427,0.9391100702576113
7,0.4275,0.9391812865497076
7,0.428,0.9392523364485982
7,0.4285,0.9393232205367561
7,0.429,0.9393939393939394
7,0.4295,0.9394644935972061
7,0.43,0.9395348837209302
7,0.4305,0.9396051103368177
7,0.431,0.9396751740139211
7,0.4315,0.9397450753186558
7,0.432,0.9398148148148148
7,0.4325,0.9398843930635838
7,0.433,0.9399538106235565
7,0.4335,0.9400230680507498
7,0.434,0.9400921658986175
7,0.4345,0.9401611047180668
7,0.435,0.9402298850574713
7,0.4355,0.9402985074626866
7,0.436,0.9403669724770642
7,0.4365,0.9404352806414662
7,0.437,0.9405034324942791
7,0.4375,0.9405714285714286
7,0.438,0.9406392694063926
7,0.4385,0.9407069555302167
7,0.439,0.9407744874715261
7,0.4395,0.9408418657565415
7,0.44,0.9409090909090909
7,0.4405,0.9409761634506243
7,0.441,0.9410430839002267
7,0.4415,0.9411098527746319
7,0.442,0.9411764705882353
7,0.4425,0.9412429378531073
7,0.443,0.9413092550790068
7,0.4435,0.9413754227733935
7,0.444,0.9414414414414415
7,0.4445,0.9415073115860517
7,0.445,0.9415730337078652
7,0.4455,0.941638608305275
7,0.446,0.9417040358744395
7,0.4465,0.9417693169092946
7,0.447,0.941834451901566
7,0.4475,0.9418994413407821
7,0.448,0.9419642857142857
7,0.4485,0.9420289855072463
7,0.449,0.9420935412026726
7,0.4495,0.9421579532814238
7,0.45,0.9422222222222222
7,0.4505,0.9422863485016648
7,0.451,0.9423503325942351
7,0.4515,0.9424141749723145
7,0.452,0.9424778761061947
7,0.4525,0.9425414364640884
7,0.453,0.9415011037527594
7,0.4535,0.9415656008820287
7,0.454,0.9416299559471366
7,0.4545,0.9416941694169417
7,0.455,0.9417582417582417
7,0.4555,0.9418221734357849
7,0.456,0.9418859649122807
7,0.4565,0.9419496166484118
7,0.457,0.9420131291028446
7,0.4575,0.9420765027322404
7,0.458,0.9421397379912664
7,0.4585,0.9422028353326063
7,0.459,0.9422657952069716
7,0.4595,0.9423286180631121
7,0.46,0.9423913043478261
7,0.4605,0.9424538545059717
7,0.461,0.9425162689804772
7,0.4615,0.942578548212351
7,0.462,0.9426406926406926
7,0.4625,0.9427027027027027
7,0.463,0.9427645788336934
7,0.4635,0.9428263214670982
7,0.464,0.9428879310344828
7,0.4645,0.9429494079655544
7,0.465,0.943010752688172
7,0.4655,0.9430719656283566
7,0.466,0.9431330472103004
7,0.4665,0.9431939978563773
7,0.467,0.943254817987152
7,0.4675,0.9433155080213904
7,0.468,0.9433760683760684
7,0.4685,0.9434364994663821
7,0.469,0.9434968017057569
7,0.4695,0.9435569755058573
7,0.47,0.9436170212765957
7,0.4705,0.9436769394261424
7,0.471,0.9437367303609342
7,0.4715,0.943796394485684
7,0.472,0.9438559322033898
7,0.4725,0.9439153439153439
7,0.473,0.9439746300211417
7,0.4735,0.9440337909186906
7,0.474,0.9440928270042194
7,0.4745,0.9441517386722866
7,0.475,0.9442105263157895
7,0.4755,0.9442691903259727
7,0.476,0.944327731092437
7,0.4765,0.944386149003148
7,0.477,0.9444444444444444
7,0.4775,0.9445026178010472
7,0.478,0.944560669456067
7,0.4785,0.9446185997910136
7,0.479,0.9446764091858038
7,0.4795,0.9447340980187695
7,0.48,0.9447916666666667
7,0.4805,0.9448491155046826
7,0.481,0.9449064449064449
7,0.4815,0.944963655244029
7,0.482,0.9450207468879668
7,0.4825,0.9450777202072539
7,0.483,0.9451345755693582
7,0.4835,0.9441571871768356
7,0.484,0.9431818181818182
7,0.4845,0.9432404540763674
7,0.485,0.9432989690721649
7,0.4855,0.9433573635427395
7,0.486,0.9434156378600823
7,0.4865,0.9434737923946557
7,0.487,0.9435318275154004
7,0.4875,0.9435897435897436
7,0.488,0.9436475409836066
7,0.4885,0.9437052200614124
7,0.489,0.943762781186094
7,0.4895,0.9438202247191011
7,0.49,0.9438775510204082
7,0.4905,0.9439347604485219
7,0.491,0.9439918533604889
7,0.4915,0.9440488301119023
7,0.492,0.9441056910569106
7,0.4925,0.9441624365482234
7,0.493,0.9442190669371197
7,0.4935,0.9442755825734549
7,0.494,0.944331983805668
7,0.4945,0.9443882709807887
7,0.495,0.9444444444444444
7,0.4955,0.9434914228052472
7,0.496,0.9435483870967742
7,0.4965,0.9436052366565961
7,0.497,0.9436619718309859
7,0.4975,0.9437185929648241
7,0.498,0.9437751004016064
7,0.4985,0.9438314944834504
7,0.499,0.9438877755511023
7,0.4995,0.943943943943944
7,0.5,0.944
7,0.5005,0.9440559440559441
7,0.501,0.9441117764471058
7,0.5015,0.9441674975074775
7,0.502,0.9442231075697212
7,0.5025,0.9442786069651742
7,0.503,0.9443339960238568
7,0.5035,0.9443892750744787
7,0.504,0.9444444444444444
7,0.5045,0.9444995044598612
7,0.505,0.9445544554455445
7,0.5055,0.9446092977250248
7,0.506,0.9446640316205533
7,0.5065,0.9447186574531096
7,0.507,0.9447731755424064
7,0.5075,0.9448275862068966
7,0.508,0.9448818897637795
7,0.5085,0.9449360865290068
7,0.509,0.944007858546169
7,0.5095,0.9440628066732091
7,0.51,0.9441176470588235
7,0.5105,0.9441723800195886
7,0.511,0.9442270058708415
7,0.5115,0.9442815249266863
7,0.512,0.9443359375
7,0.5125,0.944390243902439
7,0.513,0.9444444444444444
7,0.5135,0.9444985394352483
7,0.514,0.9445525291828794
7,0.5145,0.9446064139941691
7,0.515,0.9446601941747573
7,0.5155,0.944713870029098
7,0.516,0.9447674418604651
7,0.5165,0.9448209099709584
7,0.517,0.9448742746615088
7,0.5175,0.9449275362318841
7,0.518,0.944980694980695
7,0.5185,0.9450337512054002
7,0.519,0.9450867052023122
7,0.5195,0.9451395572666025
7,0.52,0.9451923076923077
7,0.5205,0.9452449567723343
7,0.521,0.9452975047984645
7,0.5215,0.9453499520613614
7,0.522,0.9454022988505747
7,0.5225,0.9454545454545454
7,0.523,0.9455066921606119
7,0.5235,0.9455587392550143
7,0.524,0.9456106870229007
7,0.5245,0.9456625357483317
7,0.525,0.9457142857142857
7,0.5255,0.9457659372026641
7,0.526,0.9458174904942965
7,0.5265,0.9458689458689459
7,0.527,0.9459203036053131
7,0.5275,0.9450236966824644
7,0.528,0.9450757575757576
7,0.5285,0.945127719962157
7,0.529,0.945179584120983
7,0.5295,0.9452313503305004
7,0.53,0.9452830188679245
7,0.5305,0.9453345900094251
7,0.531,0.9453860640301318
7,0.5315,0.9454374412041392
7,0.532,0.9454887218045113
7,0.5325,0.9455399061032864
7,0.533,0.9455909943714822
7,0.5335,0.9456419868791003
7,0.534,0.9456928838951311
7,0.5345,0.9457436856875585
7,0.535,0.9457943925233645
7,0.5355,0.945845004668534
7,0.536,0.9458955223880597
7,0.5365,0.9459459459459459
7,0.537,0.9459962756052142
7,0.5375,0.946046511627907
7,0.538,0.9460966542750929
7,0.5385,0.9461467038068709
7,0.539,0.9461966604823747
7,0.5395,0.9462465245597775
7,0.54,0.9462962962962963
7,0.5405,0.9463459759481961
7,0.541,0.9463955637707948
7,0.5415,0.9464450600184672
7,0.542,0.9464944649446494
7,0.5425,0.9456221198156682
7,0.543,0.9456721915285451
7,0.5435,0.9457221711131555
7,0.544,0.9457720588235294
7,0.5445,0.945821854912764
7,0.545,0.9458715596330275
7,0.5455,0.9459211732355637
7,0.546,0.9459706959706959
7,0.5465,0.9460201280878316
7,0.547,0.9460694698354661
7,0.5475,0.9461187214611873
7,0.548,0.9461678832116789
7,0.5485,0.9462169553327257
7,0.549,0.9462659380692168
7,0.5495,0.9463148316651502
7,0.55,0.9463636363636364
7,0.5505,0.9464123524069028
7,0.551,0.9464609800362976
7,0.5515,0.9465095194922938
7,0.552,0.9465579710144928
7,0.5525,0.9466063348416289
7,0.553,0.9466546112115732
7,0.5535,0.9467028003613369
7,0.554,0.9467509025270758
7,0.5545,0.9467989179440938
7,0.555,0.9468468468468468
7,0.5555,0.946894689468947
7,0.556,0.9469424460431655
7,0.5565,0.9469901168014375
7,0.557,0.9470377019748654
7,0.5575,0.947085201793722
7,0.558,0.9471326164874552
7,0.5585,0.946284691136974
7,0.559,0.9463327370304114
7,0.5595,0.9463806970509383
7,0.56,0.9464285714285714
7,0.5605,0.9464763603925067
7,0.561,0.946524064171123
7,0.5615,0.9465716829919858
7,0.562,0.9466192170818505
7,0.5625,0.9466666666666667
7,0.563,0.9467140319715808
7,0.5635,0.9467613132209406
7,0.564,0.9468085106382979
7,0.5645,0.9468556244464128
7,0.565,0.9469026548672567
7,0.5655,0.946949602122016
7,0.566,0.9469964664310954
7,0.5665,0.9470432480141218
7,0.567,0.9470899470899471
7,0.5675,0.947136563876652
7,0.568,0.9471830985915493
7,0.5685,0.9463500439753738
7,0.569,0.9463971880492091
7,0.5695,0.9464442493415277
7,0.57,0.9456140350877194
7,0.5705,0.9456617002629273
7,0.571,0.9457092819614711
7,0.5715,0.9457567804024497
7,0.572,0.9458041958041958
7,0.5725,0.9458515283842794
7,0.573,0.9458987783595113
7,0.5735,0.9459459459459459
7,0.574,0.945993031358885
7,0.5745,0.9460400348128808
7,0.575,0.9460869565217391
7,0.5755,0.946133796698523
7,0.576,0.9461805555555556
7,0.5765,0.9462272333044233
7,0.577,0.9462738301559792
7,0.5775,0.9463203463203463
7,0.578,0.9463667820069204
7,0.5785,0.9464131374243734
7,0.579,0.9464594127806563
7,0.5795,0.9465056082830026
7,0.58,0.946551724137931
7,0.5805,0.9465977605512489
7,0.581,0.9466437177280551
7,0.5815,0.9466895958727429
7,0.582,0.9467353951890034
7,0.5825,0.9467811158798283
7,0.583,0.9468267581475128
7,0.5835,0.9468723221936589
7,0.584,0.9460616438356164
7,0.5845,0.9461077844311377
7,0.585,0.9461538461538461
7,0.5855,0.946199829205807
7,0.586,0.9462457337883959
7,0.5865,0.9462915601023018
7,0.587,0.9463373083475298
7,0.5875,0.9463829787234043
7,0.588,0.9455782312925171
7,0.5885,0.945624468988955
7,0.589,0.9448217317487266
7,0.5895,0.9448685326547922
7,0.59,0.9449152542372882
7,0.5905,0.9449618966977138
7,0.591,0.9450084602368867
7,0.5915,0.945054945054945
7,0.592,0.9451013513513513
7,0.5925,0.9451476793248945
7,0.593,0.945193929173693
7,0.5935,0.945240101095198
7,0.594,0.9444444444444444
7,0.5945,0.9444911690496215
7,0.595,0.9445378151260504
7,0.5955,0.9445843828715366
7,0.596,0.9446308724832215
7,0.5965,0.9446772841575859
7,0.597,0.9447236180904522
7,0.5975,0.9447698744769875
7,0.598,0.9448160535117057
7,0.5985,0.9448621553884712
7,0.599,0.9449081803005008
7,0.5995,0.944954128440367
7,0.6,0.945
7,0.6005,0.9450457951706911
7,0.601,0.9450915141430949
7,0.6015,0.9451371571072319
7,0.602,0.9443521594684385
7,0.6025,0.9443983402489626
7,0.603,0.9444444444444444
7,0.6035,0.9444904722452361
7,0.604,0.9445364238410596
7,0.6045,0.9445822994210091
7,0.605,0.9446280991735537
7,0.6055,0.94467382328654
7,0.606,0.9447194719471947
7,0.6065,0.9447650453421269
7,0.607,0.9448105436573312
7,0.6075,0.9448559670781893
7,0.608,0.9449013157894737
7,0.6085,0.9449465899753492
7,0.609,0.944991789819376
7,0.6095,0.9450369155045119
7,0.61,0.9450819672131148
7,0.6105,0.9451269451269452
7,0.611,0.9451718494271686
7,0.6115,0.9452166802943581
7,0.612,0.9452614379084967
7,0.6125,0.9453061224489796
7,0.613,0.9453507340946167
7,0.6135,0.9445802770986145
7,0.614,0.9446254071661238
7,0.6145,0.9446704637917006
7,0.615,0.9447154471544715
7,0.6155,0.9447603574329814
7,0.616,0.9448051948051948
7,0.6165,0.9448499594484996
7,0.617,0.9440842787682334
7,0.6175,0.9433198380566802
7,0.618,0.9433656957928802
7,0.6185,0.9434114793856103
7,0.619,0.9434571890145396
7,0.6195,0.943502824858757
7,0.62,0.9435483870967742
7,0.6205,0.943593875906527
7,0.621,0.9436392914653784
7,0.6215,0.9436846339501207
7,0.622,0.9437299035369775
7,0.6225,0.9437751004016064
7,0.623,0.9438202247191011
7,0.6235,0.9438652766639936
7,0.624,0.9439102564102564
7,0.6245,0.9439551641313051
7,0.625,0.9432
7,0.6255,0.9432454036770583
7,0.626,0.9432907348242812
7,0.6265,0.9433359936153233
7,0.627,0.9433811802232854
7,0.6275,0.9434262948207172
7,0.628,0.9434713375796179
7,0.6285,0.94351630867144
7,0.629,0.9435612082670907
7,0.6295,0.9436060365369341
7,0.63,0.9436507936507936
7,0.6305,0.943695479777954
7,0.631,0.9437400950871633
7,0.6315,0.943784639746635
7,0.632,0.9430379746835443
7,0.6325,0.9430830039525692
7,0.633,0.943127962085308
7,0.6335,0.9431728492501973
7,0.634,0.943217665615142
7,0.6345,0.9432624113475178
7,0.635,0.9433070866141732
7,0.6355,0.943351691581432
7,0.636,0.9433962264150944
7,0.6365,0.94344069128044
7,0.637,0.9434850863422292
7,0.6375,0.9427450980392157
7,0.638,0.9427899686520376
7,0.6385,0.9428347689898199
7,0.639,0.9428794992175273
7,0.6395,0.9429241594996091
7,0.64,0.94296875
7,0.6405,0.9430132708821234
7,0.641,0.9430577223088924
7,0.6415,0.9431021044427124
7,0.642,0.9431464174454829
7,0.6425,0.9431906614785992
7,0.643,0.9432348367029549
7,0.6435,0.9432789432789432
7,0.644,0.9433229813664596
7,0.6445,0.943366951124903
7,0.645,0.9434108527131783
7,0.6455,0.9434546862896979
7,0.646,0.9434984520123839
7,0.6465,0.9435421500386698
7,0.647,0.9435857805255023
7,0.6475,0.9436293436293436
7,0.648,0.9436728395061729
7,0.6485,0.943716268311488
7,0.649,0.9437596302003082
7,0.6495,0.9438029253271748
7,0.65,0.9438461538461539
7,0.6505,0.9438893159108378
7,0.651,0.9431643625192012
7,0.6515,0.943207981580967
7,0.652,0.9424846625766872
7,0.6525,0.9425287356321839
7,0.653,0.942572741194487
7,0.6535,0.9418515684774292
7,0.654,0.9418960244648318
7,0.6545,0.9419404125286478
7,0.655,0.9419847328244275
7,0.6555,0.9420289855072463
7,0.656,0.9420731707317073
7,0.6565,0.9421172886519421
7,0.657,0.9421613394216134
7,0.6575,0.9422053231939164
7,0.658,0.9422492401215805
7,0.6585,0.9422930903568717
7,0.659,0.9423368740515933
7,0.6595,0.9423805913570887
7,0.66,0.9424242424242424
7,0.6605,0.9424678274034822
7,0.661,0.9425113464447806
7,0.6615,0.9425547996976569
7,0.662,0.9425981873111783
7,0.6625,0.9426415094339623
7,0.663,0.942684766214178
7,0.6635,0.9427279577995479
7,0.664,0.9427710843373494
7,0.6645,0.9428141459744168
7,0.665,0.9428571428571428
7,0.6655,0.9429000751314801
7,0.666,0.9429429429429429
7,0.6665,0.9429857464366092
7,0.667,0.9430284857571214
7,0.6675,0.9430711610486892
7,0.668,0.9431137724550899
7,0.6685,0.9431563201196709
7,0.669,0.9431988041853513
7,0.6695,0.9432412247946228
7,0.67,0.9425373134328359
7,0.6705,0.9425801640566741
7,0.671,0.9426229508196722
7,0.6715,0.9426656738644825
7,0.672,0.9427083333333334
7,0.6725,0.9420074349442379
7,0.673,0.9420505200594353
7,0.6735,0.9420935412026726
7,0.674,0.9421364985163204
7,0.6745,0.9421793921423276
7,0.675,0.9414814814814815
7,0.6755,0.9415247964470762
7,0.676,0.9415680473372781
7,0.6765,0.9408721359940873
7,0.677,0.9409158050221565
7,0.6775,0.940959409594096
7,0.678,0.9410029498525073
7,0.6785,0.9410464259395726
7,0.679,0.9410898379970545
7,0.6795,0.9411331861662987
7,0.68,0.9404411764705882
7,0.6805,0.9404849375459221
7,0.681,0.9405286343612335
7,0.6815,0.9405722670579604
7,0.682,0.9406158357771262
7,0.6825,0.9406593406593406
7,0.683,0.9407027818448024
7,0.6835,0.9400146305779078
7,0.684,0.9400584795321637
7,0.6845,0.9401022644265887
7,0.685,0.9401459854014599
7,0.6855,0.9401896425966448
7,0.686,0.9402332361516035
7,0.6865,0.9402767662053897
7,0.687,0.9403202328966521
7,0.6875,0.9403636363636364
7,0.688,0.940406976744186
7,0.6885,0.9404502541757443
7,0.689,0.9404934687953556
7,0.6895,0.9405366207396664
7,0.69,0.9405797101449276
7,0.6905,0.940622737146995
7,0.691,0.9406657018813314
7,0.6915,0.940708604483008
7,0.692,0.9407514450867052
7,0.6925,0.9407942238267148
7,0.693,0.9408369408369408
7,0.6935,0.9408795962509012
7,0.694,0.9409221902017291
7,0.6945,0.9409647228221742
7,0.695,0.9410071942446043
7,0.6955,0.9410496046010065
7,0.696,0.9410919540229885
7,0.6965,0.9411342426417804
7,0.697,0.9411764705882353
7,0.6975,0.9412186379928316
7,0.698,0.9412607449856734
7,0.6985,0.9413027916964924
7,0.699,0.9413447782546495
7,0.6995,0.9413867047891351
7,0.7,0.9414285714285714
7,0.7005,0.9414703783012134
7,0.701,0.9415121255349501
7,0.7015,0.9415538132573058
7,0.702,0.9415954415954416
7,0.7025,0.9409252669039145
7,0.703,0.9409672830725462
7,0.7035,0.9410092395167022
7,0.704,0.9403409090909091
7,0.7045,0.9396735273243435
7,0.705,0.9390070921985816
7,0.7055,0.9390503189227498
7,0.706,0.9390934844192634
7,0.7065,0.9384288747346072
7,0.707,0.9384724186704385
7,0.7075,0.9385159010600707
7,0.708,0.9385593220338984
7,0.7085,0.9386026817219478
7,0.709,0.9386459802538787
7,0.7095,0.9386892177589852
7,0.71,0.9380281690140845
7,0.7105,0.9380717804363125
7,0.711,0.9381153305203939
7,0.7115,0.938158819395643
7,0.712,0.9382022471910112
7,0.7125,0.9382456140350878
7,0.713,0.938288920056101
7,0.7135,0.9383321653819201
7,0.714,0.938375350140056
7,0.7145,0.9384184744576627
7,0.715,0.9384615384615385
7,0.7155,0.9378057302585604
7,0.716,0.9371508379888268
7,0.7165,0.9371946964410328
7,0.717,0.9372384937238494
7,0.7175,0.9365853658536586
7,0.718,0.9366295264623955
7,0.7185,0.9366736256089074
7,0.719,0.9367176634214186
7,0.7195,0.936761640027797
7,0.72,0.9368055555555556
7,0.7205,0.9368494101318529
7,0.721,0.9368932038834952
7,0.7215,0.9369369369369369
7,0.722,0.9369806094182825
7,0.7225,0.9370242214532872
7,0.723,0.9370677731673582
7,0.7235,0.9371112646855563
7,0.724,0.9371546961325967
7,0.7245,0.9371980676328503
7,0.725,0.9372413793103448
7,0.7255,0.9372846312887664
7,0.726,0.9373278236914601
7,0.7265,0.9373709566414316
7,0.727,0.937414030261348
7,0.7275,0.9367697594501718
7,0.728,0.9368131868131868
7,0.7285,0.9368565545641729
7,0.729,0.9362139917695473
7,0.7295,0.9362577107607951
7,0.73,0.9363013698630137
7,0.7305,0.9363449691991786
7,0.731,0.9363885088919288
7,0.7315,0.9364319890635681
7,0.732,0.9364754098360656
7,0.7325,0.936518771331058
7,0.733,0.9365620736698499
7,0.7335,0.9366053169734151
7,0.734,0.9366485013623979
7,0.7345,0.9366916269571137
7,0.735,0.9360544217687075
7,0.7355,0.9360978925900748
7,0.736,0.936141304347826
7,0.7365,0.9361846571622539
7,0.737,0.9362279511533242
7,0.7375,0.936271186440678
7,0.738,0.9363143631436315
7,0.7385,0.936357481381178
7,0.739,0.9364005412719891
7,0.7395,0.9364435429344151
7,0.74,0.9364864864864865
7,0.7405,0.9365293720459149
7,0.741,0.9365721997300944
7,0.7415,0.9366149696561025
7,0.742,0.9366576819407008
7,0.7425,0.9367003367003367
7,0.743,0.9367429340511441
7,0.7435,0.9367854741089442
7,0.744,0.9368279569892473
7,0.7445,0.9368703828072532
7,0.745,0.9369127516778524
7,0.7455,0.9369550637156271
7,0.746,0.9363270777479893
7,0.7465,0.9363697253851306
7,0.747,0.9357429718875502
7,0.7475,0.9357859531772575
7,0.748,0.9358288770053476
7,0.7485,0.9352037408149633
7,0.749,0.9352469959946595
7,0.7495,0.9352901934623082
7,0.75,0.9353333333333333
7,0.7505,0.9347101932045303
7,0.751,0.9347536617842876
7,0.7515,0.9347970725216235
7,0.752,0.9348404255319149
7,0.7525,0.9348837209302325
7,0.753,0.9342629482071713
7,0.7535,0.9343065693430657
7,0.754,0.9343501326259946
7,0.7545,0.9343936381709742
7,0.755,0.9344370860927153
7,0.7555,0.9344804765056254
7,0.756,0.9345238095238095
7,0.7565,0.9345670852610707
7,0.757,0.9339498018494056
7,0.7575,0.933993399339934
7,0.758,0.9340369393139841
7,0.7585,0.9340804218852999
7,0.759,0.9334650856389987
7,0.7595,0.9335088874259381
7,0.76,0.9328947368421052
7,0.7605,0.9329388560157791
7,0.761,0.9329829172141918
7,0.7615,0.933026920551543
7,0.762,0.9330708661417323
7,0.7625,0.9331147540983606
7,0.763,0.9325032765399738
7,0.7635,0.9318925998690243
7,0.764,0.9319371727748691
7,0.7645,0.9313276651406148
7,0.765,0.9313725490196079
7,0.7655,0.9314173742651861
7,0.766,0.9314621409921671
7,0.7665,0.9315068493150684
7,0.767,0.9315514993481095
7,0.7675,0.9315960912052117
7,0.768,0.931640625
7,0.7685,0.9316851008458035
7,0.769,0.9310793237971391
7,0.7695,0.9311241065627031
7,0.77,0.9311688311688312
7,0.7705,0.9305645684620376
7,0.771,0.930609597924773
7,0.7715,0.9306545690213869
7,0.772,0.930699481865285
7,0.7725,0.9307443365695793
7,0.773,0.9307891332470892
7,0.7735,0.9308338720103426
7,0.774,0.9302325581395349
7,0.7745,0.9302775984506133
7,0.775,0.9303225806451613
7,0.7755,0.9297227595099935
7,0.776,0.9291237113402062
7,0.7765,0.9291693496458467
7,0.777,0.9292149292149292
7,0.7775,0.9286173633440514
7,0.778,0.9286632390745502
7,0.7785,0.928709055876686
7,0.779,0.9287548138639281
7,0.7795,0.9281590763309814
7,0.78,0.9282051282051282
7,0.7805,0.9282511210762332
7,0.781,0.9282970550576184
7,0.7815,0.9283429302623161
7,0.782,0.9277493606138107
7,0.7825,0.9277955271565496
7,0.783,0.9278416347381865
7,0.7835,0.9278876834716018
7,0.784,0.9279336734693877
7,0.7845,0.9279796048438496
7,0.785,0.9280254777070064
7,0.7855,0.928071292170592
7,0.786,0.928117048346056
7,0.7865,0.9275270184361093
7,0.787,0.9269377382465057
7,0.7875,0.926984126984127
7,0.788,0.9270304568527918
7,0.7885,0.9264426125554851
7,0.789,0.9258555133079848
7,0.7895,0.9259024699176694
7,0.79,0.9259493670886076
7,0.7905,0.9259962049335864
7,0.791,0.9260429835651075
7,0.7915,0.9260897030953885
7,0.792,0.9261363636363636
7,0.7925,0.9255520504731861
7,0.793,0.924968474148802
7,0.7935,0.9250157529930687
7,0.794,0.9250629722921915
7,0.7945,0.9244808055380742
7,0.795,0.9238993710691824
7,0.7955,0.9239472030169704
7,0.796,0.9239949748743719
7,0.7965,0.9234149403640929
7,0.797,0.9228356336260979
7,0.7975,0.922884012539185
7,0.798,0.9229323308270677
7,0.7985,0.9229805886036319
7,0.799,0.9230287859824781
7,0.7995,0.9224515322076298
7,0.8,0.9225
7,0.8005,0.9219237976264835
7,0.801,0.9219725343320849
7,0.8015,0.9213973799126638
7,0.802,0.9214463840399002
7,0.8025,0.9214953271028037
7,0.803,0.9215442092154421
7,0.8035,0.9215930304915992
7,0.804,0.9210199004975125
7,0.8045,0.9210689869484152
7,0.805,0.9211180124223602
7,0.8055,0.9211669770328988
7,0.806,0.9212158808933002
7,0.8065,0.921264724116553
7,0.807,0.9213135068153655
7,0.8075,0.9213622291021671
7,0.808,0.9214108910891089
7,0.8085,0.9208410636982065
7,0.809,0.9208899876390606
7,0.8095,0.9209388511426807
7,0.81,0.9203703703703704
7,0.8105,0.9204194941394201
7,0.811,0.9198520345252774
7,0.8115,0.9199014171287738
7,0.812,0.9199507389162561
7,0.8125,0.92
7,0.813,0.9200492004920049
7,0.8135,0.9200983405039951
7,0.814,0.9201474201474201
7,0.8145,0.9201964395334561
7,0.815,0.9196319018404908
7,0.8155,0.9196811771919068
7,0.816,0.9191176470588235
7,0.8165,0.9191671769748928
7,0.817,0.9186046511627907
7,0.8175,0.9180428134556575
7,0.818,0.9180929095354523
7,0.8185,0.9175320708613317
7,0.819,0.9169719169719169
7,0.8195,0.9170225747406956
7,0.82,0.9170731707317074
7,0.8205,0.9171237050578915
7,0.821,0.9165651644336176
7,0.8215,0.91661594643944
7,0.822,0.9166666666666666
7,0.8225,0.9167173252279636
7,0.823,0.916767922235723
7,0.8235,0.9168184578020644
7,0.824,0.9168689320388349
7,0.8245,0.9169193450576106
7,0.825,0.9163636363636364
7,0.8255,0.9164142943670502
7,0.826,0.9164648910411622
7,0.8265,0.9165154264972777
7,0.827,0.9165659008464329
7,0.8275,0.916012084592145
7,0.828,0.9160628019323671
7,0.8285,0.9155099577549789
7,0.829,0.9155609167671894
7,0.8295,0.9156118143459916
7,0.83,0.9150602409638554
7,0.8305,0.9151113786875377
7,0.831,0.9151624548736462
7,0.8315,0.915213469633193
7,0.832,0.9152644230769231
7,0.8325,0.9153153153153153
7,0.833,0.9153661464585834
7,0.8335,0.9154169166166767
7,0.834,0.9148681055155875
7,0.8345,0.9149191132414619
7,0.835,0.9149700598802395
7,0.8355,0.9150209455415919
7,0.836,0.9150717703349283
7,0.8365,0.9151225343693963
7,0.837,0.9145758661887694
7,0.8375,0.9146268656716418
7,0.838,0.9140811455847255
7,0.8385,0.9141323792486583
7,0.839,0.9141835518474374
7,0.8395,0.9142346634901727
7,0.84,0.9142857142857143
7,0.8405,0.9137418203450327
7,0.841,0.9131985731272295
7,0.8415,0.9132501485442662
7,0.842,0.91270783847981
7,0.8425,0.912759643916914
7,0.843,0.9122182680901542
7,0.8435,0.9116775340841731
7,0.844,0.9111374407582938
7,0.8445,0.911190053285968
7,0.845,0.9112426035502958
7,0.8455,0.9112950916617386
7,0.846,0.9113475177304965
7,0.8465,0.9113998818665091
7,0.847,0.911452184179457
7,0.8475,0.9109144542772861
7,0.848,0.9109669811320755
7,0.8485,0.9104301708898055
7,0.849,0.9104829210836278
7,0.8495,0.9105356091818717
7,0.85,0.9105882352941177
7,0.8505,0.9106407995296885
7,0.851,0.9106933019976499
7,0.8515,0.91015854374633
7,0.852,0.9102112676056338
7,0.8525,0.9096774193548387
7,0.853,0.9091441969519344
7,0.8535,0.9091974223784417
7,0.854,0.9092505854800936
7,0.8545,0.9093036863662961
7,0.855,0.9087719298245615
7,0.8555,0.9082407948568089
7,0.856,0.9082943925233645
7,0.8565,0.9083479276123759
7,0.857,0.9084014002333722
7,0.8575,0.9084548104956268
7,0.858,0.9085081585081585
7,0.8585,0.9079790331974374
7,0.859,0.9080325960419092
7,0.8595,0.908086096567772
7,0.86,0.9081395348837209
7,0.8605,0.9081929110981988
7,0.861,0.9076655052264808
7,0.8615,0.9077190946024376
7,0.862,0.9071925754060325
7,0.8625,0.9072463768115943
7,0.863,0.906720741599073
7,0.8635,0.9067747539085119
7,0.864,0.9068287037037037
7,0.8645,0.9068825910931174
7,0.865,0.9063583815028902
7,0.8655,0.9058347775852109
7,0.866,0.9058891454965358
7,0.8665,0.9053664166185805
7,0.867,0.9054209919261822
7,0.8675,0.9054755043227666
7,0.868,0.9055299539170507
7,0.8685,0.9055843408175014
7,0.869,0.905638665132336
7,0.8695,0.9056929269695227
7,0.87,0.9057471264367816
7,0.8705,0.9058012636415853
7,0.871,0.9058553386911596
7,0.8715,0.9059093516924842
7,0.872,0.9059633027522935
7,0.8725,0.9054441260744985
7,0.873,0.9054982817869416
7,0.8735,0.9049799656554093
7,0.874,0.9044622425629291
7,0.8745,0.9045168667810177
7,0.875,0.9045714285714286
7,0.8755,0.9046259280411194
7,0.876,0.9046803652968036
7,0.8765,0.9047347404449515
7,0.877,0.9047890535917902
7,0.8775,0.9042735042735043
7,0.878,0.9043280182232346
7,0.8785,0.9043824701195219
7,0.879,0.90386803185438
7,0.8795,0.9039226833428085
7,0.88,0.9034090909090909
7,0.8805,0.9028960817717206
7,0.881,0.9029511918274687
7,0.8815,0.9024390243902439
7,0.882,0.9019274376417233
7,0.8825,0.9014164305949008
7,0.883,0.9009060022650056
7,0.8835,0.9009620826259196
7,0.884,0.9010180995475113
7,0.8845,0.9010740531373658
7,0.885,0.9011299435028248
7,0.8855,0.9011857707509882
7,0.886,0.9006772009029346
7,0.8865,0.9007332205301748
7,0.887,0.9007891770011274
7,0.8875,0.9008450704225353
7,0.888,0.9009009009009009
7,0.8885,0.9009566685424873
7,0.889,0.9010123734533183
7,0.8895,0.9005059021922428
7,0.89,0.900561797752809
7,0.8905,0.9006176305446378
7,0.891,0.9001122334455668
7,0.8915,0.900168255748738
7,0.892,0.9002242152466368
7,0.8925,0.8997198879551821
7,0.893,0.8997760358342665
7,0.8935,0.8998321208729715
7,0.894,0.8993288590604027
7,0.8945,0.8988261598658468
7,0.895,0.8988826815642458
7,0.8955,0.8989391401451703
7,0.896,0.8989955357142857
7,0.8965,0.8990518683770218
7,0.897,0.899108138238573
7,0.8975,0.8991643454038997
7,0.898,0.8992204899777283
7,0.8985,0.899276572064552
7,0.899,0.8987764182424917
7,0.8995,0.8982768204558088
7,0.9,0.8983333333333333
7,0.9005,0.897834536368684
7,0.901,0.897891231964484
7,0.9015,0.8979478646699944
7,0.902,0.8980044345898004
7,0.9025,0.8975069252077562
7,0.903,0.8970099667774086
7,0.9035,0.8970669618151632
7,0.904,0.896570796460177
7,0.9045,0.896627971254837
7,0.905,0.8961325966850828
7,0.9055,0.8956377691882937
7,0.906,0.8956953642384106
7,0.9065,0.8957528957528957
7,0.907,0.8958103638368247
7,0.9075,0.8953168044077136
7,0.908,0.8953744493392071
7,0.9085,0.895432030820033
7,0.909,0.8954895489548955
7,0.9095,0.8955470038482682
7,0.91,0.8950549450549451
7,0.9105,0.8951125755079626
7,0.911,0.8951701427003294
7,0.9115,0.8952276467361492
7,0.912,0.8952850877192983
7,0.9125,0.8947945205479452
7,0.913,0.8948521358159912
7,0.9135,0.8949096880131363
7,0.914,0.8949671772428884
7,0.9145,0.8950246036085292
7,0.915,0.8950819672131147
7,0.9155,0.894593118514473
7,0.916,0.8941048034934498
7,0.9165,0.8936170212765957
7,0.917,0.8931297709923665
7,0.9175,0.8926430517711171
7,0.918,0.8927015250544662
7,0.9185,0.8927599346761024
7,0.919,0.8928182807399347
7,0.9195,0.8923327895595432
7,0.92,0.8923913043478261
7,0.9205,0.8919065725149375
7,0.921,0.8919652551574375
7,0.9215,0.8920238741182854
7,0.922,0.8920824295010846
7,0.9225,0.8921409214092141
7,0.923,0.8921993499458288
7,0.9235,0.8922577152138603
7,0.924,0.8917748917748918
7,0.9245,0.8912925905895078
7,0.925,0.8908108108108108
7,0.9255,0.8908698001080497
7,0.926,0.8903887688984882
7,0.9265,0.8904479222881814
7,0.927,0.889967637540453
7,0.9275,0.8900269541778976
7,0.928,0.8900862068965517
7,0.9285,0.8896068928379106
7,0.929,0.8896663078579118
7,0.9295,0.8897256589564282
7,0.93,0.8897849462365591
7,0.9305,0.8898441698011822
7,0.931,0.8893662728249194
7,0.9315,0.8894256575415995
7,0.932,0.8894849785407726
7,0.9325,0.8895442359249329
7,0.933,0.8896034297963559
7,0.9335,0.889662560257097
7,0.934,0.8897216274089935
7,0.9345,0.889780631353665
7,0.935,0.8898395721925134
7,0.9355,0.8893639764831641
7,0.936,0.8894230769230769
7,0.9365,0.8894821142552055
7,0.937,0.8895410885805763
7,0.9375,0.8896
7,0.938,0.8896588486140725
7,0.9385,0.8891848694725626
7,0.939,0.8887113951011715
7,0.9395,0.8882384246939862
7,0.94,0.8882978723404256
7,0.9405,0.8883572567783095
7,0.941,0.88788522848034
7,0.9415,0.8879447689856612
7,0.942,0.8874734607218684
7,0.9425,0.8870026525198939
7,0.943,0.8865323435843054
7,0.9435,0.8860625331213566
7,0.944,0.885593220338983
7,0.9445,0.8851244044467973
7,0.945,0.8846560846560847
7,0.9455,0.8847170809095717
7,0.946,0.8847780126849895
7,0.9465,0.8848388800845219
7,0.947,0.8848996832101372
7,0.9475,0.8844327176781003
7,0.948,0.8839662447257384
7,0.9485,0.8840274117026885
7,0.949,0.8840885142255005
7,0.9495,0.8836229594523434
7,0.95,0.8836842105263157
7,0.9505,0.8837453971593898
7,0.951,0.8832807570977917
7,0.9515,0.882816605359958
7,0.952,0.8828781512605042
7,0.9525,0.8829396325459318
7,0.953,0.8824763903462749
7,0.9535,0.8820136339800734
7,0.954,0.8820754716981132
7,0.9545,0.8816134101623887
7,0.955,0.881675392670157
7,0.9555,0.8812140240711669
7,0.956,0.8812761506276151
7,0.9565,0.8808154730789336
7,0.957,0.8808777429467085
7,0.9575,0.8809399477806789
7,0.958,0.8810020876826722
7,0.9585,0.8810641627543035
7,0.959,0.8806047966631908
7,0.9595,0.8806670140698281
7,0.96,0.8807291666666667
7,0.9605,0.8802706923477356
7,0.961,0.8803329864724245
7,0.9615,0.8798751950078003
7,0.962,0.8799376299376299
7,0.9625,0.8794805194805195
7,0.963,0.8790238836967809
7,0.9635,0.8790866632070576
7,0.964,0.8786307053941909
7,0.9645,0.8786936236391913
7,0.965,0.8782383419689119
7,0.9655,0.8783013982392542
7,0.966,0.8783643892339544
7,0.9665,0.8779099844800827
7,0.967,0.8779731127197518
7,0.9675,0.8780361757105943
7,0.968,0.878099173553719
7,0.9685,0.8776458440887971
7,0.969,0.8771929824561403
7,0.9695,0.8767405879319237
7,0.97,0.8768041237113402
7,0.9705,0.8763523956723338
7,0.971,0.8759011328527292
7,0.9715,0.8759650025733402
7,0.972,0.8760288065843621
7,0.9725,0.8755784061696658
7,0.973,0.8751284686536485
7,0.9735,0.8746789933230611
7,0.974,0.8742299794661191
7,0.9745,0.8737814263724987
7,0.975,0.8738461538461538
7,0.9755,0.8739108149666838
7,0.976,0.8739754098360656
7,0.9765,0.8735279057859703
7,0.977,0.8730808597748209
7,0.9775,0.8726342710997442
7,0.978,0.8726993865030674
7,0.9785,0.8722534491568728
7,0.979,0.8723186925434117
7,0.9795,0.8723838693210821
7,0.98,0.871938775510204
7,0.9805,0.8720040795512494
7,0.981,0.8715596330275229
7,0.9815,0.8711156393275599
7,0.982,0.8706720977596741
7,0.9825,0.870737913486005
7,0.983,0.87029501525941
7,0.9835,0.8703609557702084
7,0.984,0.8699186991869918
7,0.9845,0.8699847638395124
7,0.985,0.8695431472081219
7,0.9855,0.8691019786910198
7,0.986,0.8686612576064908
7,0.9865,0.868727825646224
7,0.987,0.8682877406281662
7,0.9875,0.8678481012658228
7,0.988,0.8674089068825911
7,0.9885,0.8669701568032372
7,0.989,0.8670374115267947
7,0.9895,0.8665992925720061
7,0.99,0.8661616161616161
7,0.9905,0.8662291771832408
7,0.991,0.8662966700302724
7,0.9915,0.8663640948058497
7,0.992,0.8659274193548387
7,0.9925,0.8654911838790932
7,0.993,0.8655589123867069
7,0.9935,0.8656265727226975
7,0.994,0.8651911468812877
7,0.9945,0.864756158873806
7,0.995,0.864321608040201
7,0.9955,0.8643897538925164
7,0.996,0.8644578313253012
7,0.9965,0.8645258404415455
7,0.997,0.8645937813440321
7,0.9975,0.8646616541353384
7,0.998,0.8642284569138277
7,0.9985,0.8642964446670005
7,0.999,0.8643643643643644
7,0.9995,0.864432216108054
7,1.0,0.8645
2024,0.0005,1.0
2024,0.001,1.0
2024,0.0015,1.0
2024,0.002,1.0
2024,0.0025,1.0
2024,0.003,1.0
2024,0.0035,1.0
2024,0.004,1.0
2024,0.0045,1.0
2024,0.005,1.0
2024,0.0055,1.0
2024,0.006,1.0
2024,0.0065,1.0
2024,0.007,1.0
2024,0.0075,1.0
2024,0.008,1.0
2024,0.0085,1.0
2024,0.009,1.0
2024,0.0095,1.0
2024,0.01,1.0
2024,0.0105,1.0
2024,0.011,1.0
2024,0.0115,1.0
2024,0.012,1.0
2024,0.0125,1.0
2024,0.013,1.0
2024,0.0135,1.0
2024,0.014,1.0
2024,0.0145,1.0
2024,0.015,1.0
2024,0.0155,1.0
2024,0.016,1.0
2024,0.0165,1.0
2024,0.017,1.0
2024,0.0175,1.0
2024,0.018,1.0
2024,0.0185,1.0
2024,0.019,1.0
2024,0.0195,1.0
2024,0.02,1.0
2024,0.0205,1.0
2024,0.021,1.0
2024,0.0215,1.0
2024,0.022,1.0
2024,0.0225,1.0
2024,0.023,1.0
2024,0.0235,0.9787234042553191
2024,0.024,0.9791666666666666
2024,0.0245,0.9795918367346939
2024,0.025,0.98
2024,0.0255,0.9803921568627451
2024,0.026,0.9807692307692307
2024,0.0265,0.9811320754716981
2024,0.027,0.9814814814814815
2024,0.0275,0.9818181818181818
2024,0.028,0.9821428571428571
2024,0.0285,0.9824561403508771
2024,0.029,0.9827586206896551
2024,0.0295,0.9830508474576272
2024,0.03,0.9833333333333333
2024,0.0305,0.9836065573770492
2024,0.031,0.9838709677419355
2024,0.0315,0.9841269841269841
2024,0.032,0.984375
2024,0.0325,0.9846153846153847
2024,0.033,0.9848484848484849
2024,0.0335,0.9850746268656716
2024,0.034,0.9852941176470589
2024,0.0345,0.9855072463768116
2024,0.035,0.9857142857142858
2024,0.0355,0.9859154929577465
2024,0.036,0.9861111111111112
2024,0.0365,0.9863013698630136
2024,0.037,0.9864864864864865
2024,0.0375,0.9866666666666667
2024,0.038,0.9868421052631579
2024,0.0385,0.987012987012987
2024,0.039,0.9871794871794872
2024,0.0395,0.9873417721518988
2024,0.04,0.9875
2024,0.0405,0.9876543209876543
2024,0.041,0.9878048780487805
2024,0.0415,0.9879518072289156
2024,0.042,0.9880952380952381
2024,0.0425,0.9882352941176471
2024,0.043,0.9883720930232558
2024,0.0435,0.9885057471264368
2024,0.044,0.9886363636363636
2024,0.0445,0.9887640449438202
2024,0.045,0.9888888888888889
2024,0.0455,0.989010989010989
2024,0.046,0.9891304347826086
2024,0.0465,0.989247311827957
2024,0.047,0.9893617021276596
2024,0.0475,0.9894736842105263
2024,0.048,0.9895833333333334
2024,0.0485,0.9896907216494846
2024,0.049,0.9897959183673469
2024,0.0495,0.98989898989899
2024,0.05,0.99
2024,0.0505,0.9900990099009901
2024,0.051,0.9901960784313726
2024,0.0515,0.9902912621359223
2024,0.052,0.9903846153846154
2024,0.0525,0.9809523809523809
2024,0.053,0.9811320754716981
2024,0.0535,0.9813084112149533
2024,0.054,0.9814814814814815
2024,0.0545,0.981651376146789
2024,0.055,0.9818181818181818
2024,0.0555,0.9819819819819819
2024,0.056,0.9821428571428571
2024,0.0565,0.9823008849557522
2024,0.057,0.9824561403508771
2024,0.0575,0.9826086956521739
2024,0.058,0.9827586206896551
2024,0.0585,0.9829059829059829
2024,0.059,0.9830508474576272
2024,0.0595,0.9831932773109243
2024,0.06,0.9833333333333333
2024,0.0605,0.9834710743801653
2024,0.061,0.9836065573770492
2024,0.0615,0.983739837398374
2024,0.062,0.9838709677419355
2024,0.0625,0.984
2024,0.063,0.9841269841269841
2024,0.0635,0.984251968503937
2024,0.064,0.984375
2024,0.0645,0.9844961240310077
2024,0.065,0.9846153846153847
2024,0.0655,0.9847328244274809
2024,0.066,0.9848484848484849
2024,0.0665,0.9849624060150376
2024,0.067,0.9850746268656716
2024,0.0675,0.9851851851851852
2024,0.068,0.9852941176470589
2024,0.0685,0.9854014598540146
2024,0.069,0.9855072463768116
2024,0.0695,0.9856115107913669
2024,0.07,0.9857142857142858
2024,0.0705,0.9858156028368794
2024,0.071,0.9859154929577465
2024,0.0715,0.986013986013986
2024,0.072,0.9861111111111112
2024,0.0725,0.9862068965517241
2024,0.073,0.9863013698630136
2024,0.0735,0.9863945578231292
2024,0.074,0.9864864864864865
2024,0.0745,0.9865771812080537
2024,0.075,0.98
2024,0.0755,0.9801324503311258
2024,0.076,0.9802631578947368
2024,0.0765,0.9738562091503268
2024,0.077,0.974025974025974
2024,0.0775,0.9741935483870968
2024,0.078,0.9743589743589743
2024,0.0785,0.9745222929936306
2024,0.079,0.9746835443037974
2024,0.0795,0.9748427672955975
2024,0.08,0.975
2024,0.0805,0.9751552795031055
2024,0.081,0.9753086419753086
2024,0.0815,0.9754601226993865
2024,0.082,0.975609756097561
2024,0.0825,0.9757575757575757
2024,0.083,0.9759036144578314
2024,0.0835,0.9760479041916168
2024,0.084,0.9761904761904762
2024,0.0845,0.9763313609467456
2024,0.085,0.9764705882352941
2024,0.0855,0.9766081871345029
2024,0.086,0.9767441860465116
2024,0.0865,0.976878612716763
2024,0.087,0.9770114942528736
2024,0.0875,0.9771428571428571
2024,0.088,0.9772727272727273
2024,0.0885,0.9774011299435028
2024,0.089,0.9775280898876404
2024,0.0895,0.9776536312849162
2024,0.09,0.9777777777777777
2024,0.0905,0.9779005524861878
2024,0.091,0.978021978021978
2024,0.0915,0.9781420765027322
2024,0.092,0.9782608695652174
2024,0.0925,0.9783783783783784
2024,0.093,0.978494623655914
2024,0.0935,0.9786096256684492
2024,0.094,0.9787234042553191
2024,0.0945,0.9788359788359788
2024,0.095,0.9789473684210527
2024,0.0955,0.9790575916230366
2024,0.096,0.9791666666666666
2024,0.0965,0.9792746113989638
2024,0.097,0.979381443298969
2024,0.0975,0.9743589743589743
2024,0.098,0.9744897959183674
2024,0.0985,0.9746192893401016
2024,0.099,0.9696969696969697
2024,0.0995,0.964824120603015
2024,0.1,0.965
2024,0.1005,0.9651741293532339
2024,0.101,0.9653465346534653
2024,0.1015,0.9655172413793104
2024,0.102,0.9607843137254902
2024,0.1025,0.9609756097560975
2024,0.103,0.9611650485436893
2024,0.1035,0.961352657004831
2024,0.104,0.9615384615384616
2024,0.1045,0.9617224880382775
2024,0.105,0.9619047619047619
2024,0.1055,0.957345971563981
2024,0.106,0.9575471698113207
2024,0.1065,0.9530516431924883
2024,0.107,0.9532710280373832
2024,0.1075,0.9534883720930233
2024,0.108,0.9537037037037037
2024,0.1085,0.9539170506912442
2024,0.109,0.9541284403669725
2024,0.1095,0.954337899543379
2024,0.11,0.9545454545454546
2024,0.1105,0.9547511312217195
2024,0.111,0.954954954954955
2024,0.1115,0.9551569506726457
2024,0.112,0.9553571428571429
2024,0.1125,0.9555555555555556
2024,0.113,0.9557522123893806
2024,0.1135,0.9559471365638766
2024,0.114,0.956140350877193
2024,0.1145,0.9563318777292577
2024,0.115,0.9565217391304348
2024,0.1155,0.9567099567099567
2024,0.116,0.9568965517241379
2024,0.1165,0.9570815450643777
2024,0.117,0.9572649572649573
2024,0.1175,0.9574468085106383
2024,0.118,0.9576271186440678
2024,0.1185,0.9578059071729957
2024,0.119,0.957983193277311
2024,0.1195,0.9581589958158996
2024,0.12,0.9583333333333334
2024,0.1205,0.9585062240663901
2024,0.121,0.9586776859504132
2024,0.1215,0.9588477366255144
2024,0.122,0.9590163934426229
2024,0.1225,0.9591836734693877
2024,0.123,0.959349593495935
2024,0.1235,0.9595141700404858
2024,0.124,0.9556451612903226
2024,0.1245,0.9558232931726908
2024,0.125,0.956
2024,0.1255,0.9561752988047809
2024,0.126,0.9563492063492064
2024,0.1265,0.9565217391304348
2024,0.127,0.9566929133858267
2024,0.1275,0.9568627450980393
2024,0.128,0.95703125
2024,0.1285,0.9571984435797666
2024,0.129,0.9573643410852714
2024,0.1295,0.9575289575289575
2024,0.13,0.9576923076923077
2024,0.1305,0.9578544061302682
2024,0.131,0.9580152671755725
2024,0.1315,0.9581749049429658
2024,0.132,0.9545454545454546
2024,0.1325,0.9547169811320755
2024,0.133,0.9548872180451128
2024,0.1335,0.9550561797752809
2024,0.134,0.9552238805970149
2024,0.1345,0.9553903345724907
2024,0.135,0.9555555555555556
2024,0.1355,0.9520295202952029
2024,0.136,0.9522058823529411
2024,0.1365,0.9523809523809523
2024,0.137,0.9525547445255474
2024,0.1375,0.9527272727272728
2024,0.138,0.9528985507246377
2024,0.1385,0.9530685920577617
2024,0.139,0.9532374100719424
2024,0.1395,0.953405017921147
2024,0.14,0.9535714285714286
2024,0.1405,0.9537366548042705
2024,0.141,0.9539007092198581
2024,0.1415,0.950530035335689
2024,0.142,0.9507042253521126
2024,0.1425,0.9508771929824561
2024,0.143,0.951048951048951
2024,0.1435,0.9512195121951219
2024,0.144,0.9513888888888888
2024,0.1445,0.9515570934256056
2024,0.145,0.9517241379310345
2024,0.1455,0.9518900343642611
2024,0.146,0.952054794520548
2024,0.1465,0.9488054607508533
2024,0.147,0.9489795918367347
2024,0.1475,0.9491525423728814
2024,0.148,0.9493243243243243
2024,0.1485,0.9494949494949495
2024,0.149,0.9496644295302014
2024,0.1495,0.9498327759197325
2024,0.15,0.95
2024,0.1505,0.9501661129568106
2024,0.151,0.9503311258278145
2024,0.1515,0.9504950495049505
2024,0.152,0.9506578947368421
2024,0.1525,0.9508196721311475
2024,0.153,0.9509803921568627
2024,0.1535,0.9511400651465798
2024,0.154,0.9512987012987013
2024,0.1545,0.9514563106796117
2024,0.155,0.9516129032258065
2024,0.1555,0.9517684887459807
2024,0.156,0.9519230769230769
2024,0.1565,0.952076677316294
2024,0.157,0.9522292993630573
2024,0.1575,0.9523809523809523
2024,0.158,0.9525316455696202
2024,0.1585,0.9526813880126183
2024,0.159,0.9528301886792453
2024,0.1595,0.9529780564263323
2024,0.16,0.953125
2024,0.1605,0.9532710280373832
2024,0.161,0.953416149068323
2024,0.1615,0.9504643962848297
2024,0.162,0.9506172839506173
2024,0.1625,0.9507692307692308
2024,0.163,0.950920245398773
2024,0.1635,0.9510703363914373
2024,0.164,0.9512195121951219
2024,0.1645,0.9513677811550152
2024,0.165,0.9515151515151515
2024,0.1655,0.9516616314199395
2024,0.166,0.9487951807228916
2024,0.1665,0.948948948948949
2024,0.167,0.9491017964071856
2024,0.1675,0.9492537313432836
2024,0.168,0.9494047619047619
2024,0.1685,0.9495548961424333
2024,0.169,0.9497041420118343
2024,0.1695,0.9498525073746312
2024,0.17,0.95
2024,0.1705,0.9501466275659824
2024,0.171,0.9502923976608187
2024,0.1715,0.9504373177842566
2024,0.172,0.9505813953488372
2024,0.1725,0.9478260869565217
2024,0.173,0.9479768786127167
2024,0.1735,0.9481268011527377
2024,0.174,0.9454022988505747
2024,0.1745,0.9455587392550143
2024,0.175,0.9457142857142857
2024,0.1755,0.9458689458689459
2024,0.176,0.9431818181818182
2024,0.1765,0.943342776203966
2024,0.177,0.943502824858757
2024,0.1775,0.9436619718309859
2024,0.178,0.9438202247191011
2024,0.1785,0.9439775910364145
2024,0.179,0.9441340782122905
2024,0.1795,0.9442896935933147
2024,0.18,0.9416666666666667
2024,0.1805,0.9418282548476454
2024,0.181,0.9419889502762431
2024,0.1815,0.9421487603305785
2024,0.182,0.9423076923076923
2024,0.1825,0.9424657534246575
2024,0.183,0.9426229508196722
2024,0.1835,0.9427792915531336
2024,0.184,0.9429347826086957
2024,0.1845,0.943089430894309
2024,0.185,0.9432432432432433
2024,0.1855,0.9433962264150944
2024,0.186,0.9435483870967742
2024,0.1865,0.9436997319034852
2024,0.187,0.9438502673796791
2024,0.1875,0.944
2024,0.188,0.9441489361702128
2024,0.1885,0.9442970822281167
2024,0.189,0.9444444444444444
2024,0.1895,0.9445910290237467
2024,0.19,0.9447368421052632
2024,0.1905,0.9448818897637795
2024,0.191,0.9450261780104712
2024,0.1915,0.9451697127937336
2024,0.192,0.9453125
2024,0.1925,0.9454545454545454
2024,0.193,0.9455958549222798
2024,0.1935,0.9457364341085271
2024,0.194,0.9458762886597938
2024,0.1945,0.9460154241645244
2024,0.195,0.9461538461538461
2024,0.1955,0.9462915601023018
2024,0.196,0.9464285714285714
2024,0.1965,0.9465648854961832
2024,0.197,0.9441624365482234
2024,0.1975,0.9443037974683545
2024,0.198,0.9444444444444444
2024,0.1985,0.9445843828715366
2024,0.199,0.9447236180904522
2024,0.1995,0.9448621553884712
2024,0.2,0.945
2024,0.2005,0.9451371571072319
2024,0.201,0.945273631840796
2024,0.2015,0.9454094292803971
2024,0.202,0.943069306930693
2024,0.2025,0.9432098765432099
2024,0.203,0.9433497536945813
2024,0.2035,0.9434889434889435
2024,0.204,0.9436274509803921
2024,0.2045,0.9437652811735942
2024,0.205,0.9439024390243902
2024,0.2055,0.9440389294403893
2024,0.206,0.9441747572815534
2024,0.2065,0.9443099273607748
2024,0.207,0.9444444444444444
2024,0.2075,0.944578313253012
2024,0.208,0.9447115384615384
2024,0.2085,0.9448441247002398
2024,0.209,0.9449760765550239
2024,0.2095,0.9451073985680191
2024,0.21,0.9452380952380952
2024,0.2105,0.9453681710213777
2024,0.211,0.9454976303317536
2024,0.2115,0.9456264775413712
2024,0.212,0.9457547169811321
2024,0.2125,0.9435294117647058
2024,0.213,0.9436619718309859
2024,0.2135,0.9437939110070258
2024,0.214,0.9439252336448598
2024,0.2145,0.9440559440559441
2024,0.215,0.9441860465116279
2024,0.2155,0.9443155452436195
2024,0.216,0.9444444444444444
2024,0.2165,0.9445727482678984
2024,0.217,0.9447004608294931
2024,0.2175,0.9448275862068966
2024,0.218,0.944954128440367
2024,0.2185,0.9450800915331807
2024,0.219,0.9452054794520548
2024,0.2195,0.9430523917995444
2024,0.22,0.9409090909090909
2024,0.2205,0.9410430839002267
2024,0.221,0.9411764705882353
2024,0.2215,0.9413092550790068
2024,0.222,0.9414414414414415
2024,0.2225,0.9415730337078652
2024,0.223,0.9394618834080718
2024,0.2235,0.9395973154362416
2024,0.224,0.9397321428571429
2024,0.2245,0.9398663697104677
2024,0.225,0.9377777777777778
2024,0.2255,0.9379157427937915
2024,0.226,0.9380530973451328
2024,0.2265,0.9359823399558499
2024,0.227,0.9361233480176211
2024,0.2275,0.9362637362637363
2024,0.228,0.9364035087719298
2024,0.2285,0.936542669584245
2024,0.229,0.9366812227074236
2024,0.2295,0.9368191721132898
2024,0.23,0.9369565217391305
2024,0.2305,0.9370932754880694
2024,0.231,0.9372294372294372
2024,0.2315,0.937365010799136
2024,0.232,0.9375
2024,0.2325,0.9376344086021505
2024,0.233,0.9356223175965666
2024,0.2335,0.9357601713062098
2024,0.234,0.9358974358974359
2024,0.2345,0.9360341151385928
2024,0.235,0.9361702127659575
2024,0.2355,0.9341825902335457
2024,0.236,0.934322033898305
2024,0.2365,0.9344608879492601
2024,0.237,0.9345991561181435
2024,0.2375,0.9326315789473684
2024,0.238,0.9327731092436975
2024,0.2385,0.9329140461215933
2024,0.239,0.9330543933054394
2024,0.2395,0.9311064718162839
2024,0.24,0.93125
2024,0.2405,0.9313929313929314
2024,0.241,0.9315352697095436
2024,0.2415,0.9316770186335404
2024,0.242,0.9318181818181818
2024,0.2425,0.931958762886598
2024,0.243,0.9320987654320988
2024,0.2435,0.9322381930184805
2024,0.244,0.9323770491803278
2024,0.2445,0.9325153374233128
2024,0.245,0.9326530612244898
2024,0.2455,0.9327902240325866
2024,0.246,0.9329268292682927
2024,0.2465,0.9330628803245437
2024,0.247,0.9311740890688259
2024,0.2475,0.9313131313131313
2024,0.248,0.9314516129032258
2024,0.2485,0.9295774647887324
2024,0.249,0.929718875502008
2024,0.2495,0.9298597194388778
2024,0.25,0.93
2024,0.2505,0.9301397205588823
2024,0.251,0.9302788844621513
2024,0.2515,0.9304174950298211
2024,0.252,0.9305555555555556
2024,0.2525,0.9306930693069307
2024,0.253,0.9308300395256917
2024,0.2535,0.9309664694280079
2024,0.254,0.9311023622047244
2024,0.2545,0.931237721021611
2024,0.255,0.9313725490196079
2024,0.2555,0.9315068493150684
2024,0.256,0.931640625
2024,0.2565,0.9317738791423001
2024,0.257,0.9319066147859922
2024,0.2575,0.9320388349514563
2024,0.258,0.9321705426356589
2024,0.2585,0.9303675048355899
2024,0.259,0.9305019305019305
2024,0.2595,0.930635838150289
2024,0.26,0.9307692307692308
2024,0.2605,0.9309021113243762
2024,0.261,0.9310344827586207
2024,0.2615,0.9311663479923518
2024,0.262,0.9312977099236641
2024,0.2625,0.9314285714285714
2024,0.263,0.9296577946768061
2024,0.2635,0.9278937381404174
2024,0.264,0.9261363636363636
2024,0.2645,0.9262759924385633
2024,0.265,0.9264150943396227
2024,0.2655,0.9265536723163842
2024,0.266,0.9266917293233082
2024,0.2665,0.926829268292683
2024,0.267,0.9269662921348315
2024,0.2675,0.9271028037383178
2024,0.268,0.9272388059701493
2024,0.2685,0.9273743016759777
2024,0.269,0.9275092936802974
2024,0.2695,0.9257884972170687
2024,0.27,0.9259259259259259
2024,0.2705,0.9242144177449169
2024,0.271,0.9243542435424354
2024,0.2715,0.9244935543278084
2024,0.272,0.9227941176470589
2024,0.2725,0.9229357798165138
2024,0.273,0.9212454212454212
2024,0.2735,0.9213893967093236
2024,0.274,0.9215328467153284
2024,0.2745,0.9216757741347905
2024,0.275,0.9218181818181819
2024,0.2755,0.9219600725952813
2024,0.276,0.9221014492753623
2024,0.2765,0.9222423146473779
2024,0.277,0.9205776173285198
2024,0.2775,0.918918918918919
2024,0.278,0.9190647482014388
2024,0.2785,0.9192100538599641
2024,0.279,0.9193548387096774
2024,0.2795,0.9194991055456172
2024,0.28,0.9196428571428571
2024,0.2805,0.9197860962566845
2024,0.281,0.9199288256227758
2024,0.2815,0.9200710479573713
2024,0.282,0.9202127659574468
2024,0.2825,0.9203539823008849
2024,0.283,0.9204946996466431
2024,0.2835,0.9206349206349206
2024,0.284,0.920774647887324
2024,0.2845,0.9209138840070299
2024,0.285,0.9192982456140351
2024,0.2855,0.9194395796847635
2024,0.286,0.9195804195804196
2024,0.2865,0.9179755671902269
2024,0.287,0.9181184668989547
2024,0.2875,0.9182608695652174
2024,0.288,0.9184027777777778
2024,0.2885,0.9185441941074524
2024,0.289,0.9186851211072664
2024,0.2895,0.918825561312608
2024,0.29,0.9189655172413793
2024,0.2905,0.919104991394148
2024,0.291,0.9192439862542955
2024,0.2915,0.9176672384219554
2024,0.292,0.9178082191780822
2024,0.2925,0.9179487179487179
2024,0.293,0.9180887372013652
2024,0.2935,0.9182282793867121
2024,0.294,0.9166666666666666
2024,0.2945,0.9168081494057725
2024,0.295,0.9152542372881356
2024,0.2955,0.9153976311336718
2024,0.296,0.9138513513513513
2024,0.2965,0.9139966273187183
2024,0.297,0.9141414141414141
2024,0.2975,0.9142857142857143
2024,0.298,0.9144295302013423
2024,0.2985,0.9128978224455612
2024,0.299,0.9130434782608695
2024,0.2995,0.9131886477462438
2024,0.3,0.9133333333333333
2024,0.3005,0.913477537437604
2024,0.301,0.9136212624584718
2024,0.3015,0.912106135986733
2024,0.302,0.9122516556291391
2024,0.3025,0.912396694214876
2024,0.303,0.9125412541254125
2024,0.3035,0.9126853377265239
2024,0.304,0.912828947368421
2024,0.3045,0.9113300492610837
2024,0.305,0.9114754098360656
2024,0.3055,0.911620294599018
2024,0.306,0.9117647058823529
2024,0.3065,0.9119086460032626
2024,0.307,0.9120521172638436
2024,0.3075,0.9121951219512195
2024,0.308,0.9123376623376623
2024,0.3085,0.9124797406807131
2024,0.309,0.912621359223301
2024,0.3095,0.9127625201938611
2024,0.31,0.9129032258064517
2024,0.3105,0.9130434782608695
2024,0.311,0.9131832797427653
2024,0.3115,0.913322632423756
2024,0.312,0.9134615384615384
2024,0.3125,0.9136
2024,0.313,0.9137380191693291
2024,0.3135,0.9138755980861244
2024,0.314,0.9140127388535032
2024,0.3145,0.9141494435612083
2024,0.315,0.9142857142857143
2024,0.3155,0.9144215530903328
2024,0.316,0.9145569620253164
2024,0.3165,0.9146919431279621
2024,0.317,0.9148264984227129
2024,0.3175,0.9149606299212598
2024,0.318,0.9150943396226415
2024,0.3185,0.9152276295133438
2024,0.319,0.9137931034482759
2024,0.3195,0.9139280125195618
2024,0.32,0.9140625
2024,0.3205,0.9141965678627145
2024,0.321,0.9127725856697819
2024,0.3215,0.9129082426127527
2024,0.322,0.9130434782608695
2024,0.3225,0.9116279069767442
2024,0.323,0.9117647058823529
2024,0.3235,0.9119010819165378
2024,0.324,0.9120370370370371
2024,0.3245,0.9121725731895224
2024,0.325,0.9123076923076923
2024,0.3255,0.9109062980030722
2024,0.326,0.911042944785276
2024,0.3265,0.9111791730474732
2024,0.327,0.9113149847094801
2024,0.3275,0.9114503816793893
2024,0.328,0.9115853658536586
2024,0.3285,0.9101978691019786
2024,0.329,0.9103343465045592
2024,0.3295,0.9089529590288316
2024,0.33,0.9090909090909091
2024,0.3305,0.9092284417549168
2024,0.331,0.9093655589123867
2024,0.3315,0.9095022624434389
2024,0.332,0.9096385542168675
2024,0.3325,0.9097744360902256
2024,0.333,0.9099099099099099
2024,0.3335,0.9085457271364318
2024,0.334,0.9086826347305389
2024,0.3345,0.9073243647234679
2024,0.335,0.9074626865671642
2024,0.3355,0.9076005961251863
2024,0.336,0.9077380952380952
2024,0.3365,0.9063893016344725
2024,0.337,0.9050445103857567
2024,0.3375,0.9037037037037037
2024,0.338,0.9038461538461539
2024,0.3385,0.9039881831610044
2024,0.339,0.9041297935103245
2024,0.3395,0.9042709867452136
2024,0.34,0.9044117647058824
2024,0.3405,0.9045521292217328
2024,0.341,0.9032258064516129
2024,0.3415,0.9033674963396779
2024,0.342,0.9035087719298246
2024,0.3425,0.9036496350364963
2024,0.343,0.9037900874635568
2024,0.3435,0.9024745269286754
2024,0.344,0.9026162790697675
2024,0.3445,0.9013062409288825
2024,0.345,0.9014492753623189
2024,0.3455,0.9015918958031838
2024,0.346,0.9017341040462428
2024,0.3465,0.9004329004329005
2024,0.347,0.9005763688760807
2024,0.3475,0.9007194244604316
2024,0.348,0.8994252873563219
2024,0.3485,0.8995695839311334
2024,0.349,0.8997134670487106
2024,0.3495,0.899856938483548
2024,0.35,0.9
2024,0.3505,0.8987161198288159
2024,0.351,0.8988603988603988
2024,0.3515,0.89900426742532
2024,0.352,0.8977272727272727
2024,0.3525,0.8978723404255319
2024,0.353,0.8980169971671388
2024,0.3535,0.8981612446958982
2024,0.354,0.8983050847457628
2024,0.3545,0.8984485190409027
2024,0.355,0.8985915492957747
2024,0.3555,0.8987341772151899
2024,0.356,0.8974719101123596
2024,0.3565,0.8976157082748948
2024,0.357,0.8977591036414566
2024,0.3575,0.8979020979020979
2024,0.358,0.8980446927374302
2024,0.3585,0.898186889818689
2024,0.359,0.8983286908077994
2024,0.3595,0.8984700973574409
2024,0.36,0.8986111111111111
2024,0.3605,0.897364771151179
2024,0.361,0.8975069252077562
2024,0.3615,0.8976486860304288
2024,0.362,0.8964088397790055
2024,0.3625,0.8951724137931034
2024,0.363,0.8953168044077136
2024,0.3635,0.8954607977991746
2024,0.364,0.8956043956043956
2024,0.3645,0.8943758573388203
2024,0.365,0.8945205479452055
2024,0.3655,0.8946648426812586
2024,0.366,0.894808743169399
2024,0.3665,0.8949522510231923
2024,0.367,0.8950953678474114
2024,0.3675,0.8952380952380953
2024,0.368,0.8940217391304348
2024,0.3685,0.89280868385346
2024,0.369,0.8929539295392954
2024,0.3695,0.8917456021650879
2024,0.37,0.8918918918918919
2024,0.3705,0.8906882591093117
2024,0.371,0.8908355795148248
2024,0.3715,0.8896366083445492
2024,0.372,0.8897849462365591
2024,0.3725,0.8885906040268456
2024,0.373,0.8873994638069705
2024,0.3735,0.8875502008032129
2024,0.374,0.8877005347593583
2024,0.3745,0.8878504672897196
2024,0.375,0.888
2024,0.3755,0.8868175765645806
2024,0.376,0.886968085106383
2024,0.3765,0.8871181938911022
2024,0.377,0.8872679045092838
2024,0.3775,0.8874172185430463
2024,0.378,0.8875661375661376
2024,0.3785,0.8877146631439894
2024,0.379,0.8865435356200527
2024,0.3795,0.8866930171277997
2024,0.38,0.8868421052631579
2024,0.3805,0.8869908015768725
2024,0.381,0.8871391076115486
2024,0.3815,0.8872870249017037
2024,0.382,0.8861256544502618
2024,0.3825,0.8862745098039215
2024,0.383,0.8864229765013055
2024,0.3835,0.8865710560625815
2024,0.384,0.88671875
2024,0.3845,0.8855656697009102
2024,0.385,0.8857142857142857
2024,0.3855,0.8845654993514915
2024,0.386,0.8847150259067358
2024,0.3865,0.8848641655886158
2024,0.387,0.8850129198966409
2024,0.3875,0.8851612903225806
2024,0.388,0.884020618556701
2024,0.3885,0.8841698841698842
2024,0.389,0.884318766066838
2024,0.3895,0.883183568677792
2024,0.39,0.8833333333333333
2024,0.3905,0.8834827144686299
2024,0.391,0.8836317135549873
2024,0.3915,0.8837803320561941
2024,0.392,0.8839285714285714
2024,0.3925,0.8840764331210191
2024,0.393,0.8842239185750637
2024,0.3935,0.8843710292249047
2024,0.394,0.8845177664974619
2024,0.3945,0.8846641318124208
2024,0.395,0.8848101265822785
2024,0.3955,0.8849557522123894
2024,0.396,0.88510101010101
2024,0.3965,0.8839848675914249
2024,0.397,0.8828715365239295
2024,0.3975,0.8830188679245283
2024,0.398,0.8831658291457286
2024,0.3985,0.8820577164366374
2024,0.399,0.8822055137844611
2024,0.3995,0.8811013767209012
2024,0.4,0.88125
2024,0.4005,0.8813982521847691
2024,0.401,0.8815461346633416
2024,0.4015,0.8816936488169365
2024,0.402,0.8818407960199005
2024,0.4025,0.8819875776397516
2024,0.403,0.8821339950372209
2024,0.4035,0.8822800495662949
2024,0.404,0.8824257425742574
2024,0.4045,0.8813349814585909
2024,0.405,0.8814814814814815
2024,0.4055,0.8816276202219482
2024,0.406,0.8805418719211823
2024,0.4065,0.8806888068880688
2024,0.407,0.8808353808353808
2024,0.4075,0.8809815950920246
2024,0.408,0.8811274509803921
2024,0.4085,0.8812729498164015
2024,0.409,0.8801955990220048
2024,0.4095,0.8803418803418803
2024,0.41,0.8804878048780488
2024,0.4105,0.8806333739342266
2024,0.411,0.8807785888077859
2024,0.4115,0.8809234507897934
2024,0.412,0.8810679611650486
2024,0.4125,0.8812121212121212
2024,0.413,0.8813559322033898
2024,0.4135,0.8814993954050786
2024,0.414,0.8816425120772947
2024,0.4145,0.8817852834740652
2024,0.415,0.8819277108433735
2024,0.4155,0.8820697954271961
2024,0.416,0.8822115384615384
2024,0.4165,0.8823529411764706
2024,0.417,0.882494004796163
2024,0.4175,0.8826347305389222
2024,0.418,0.8827751196172249
2024,0.4185,0.8829151732377539
2024,0.419,0.883054892601432
2024,0.4195,0.8831942789034565
2024,0.42,0.8833333333333333
2024,0.4205,0.8834720570749108
2024,0.421,0.8836104513064132
2024,0.4215,0.8837485172004745
2024,0.422,0.8838862559241706
2024,0.4225,0.8840236686390532
2024,0.423,0.8841607565011821
2024,0.4235,0.8842975206611571
2024,0.424,0.8844339622641509
2024,0.4245,0.8845700824499411
2024,0.425,0.8847058823529412
2024,0.4255,0.8848413631022327
2024,0.426,0.8849765258215962
2024,0.4265,0.8851113716295428
2024,0.427,0.8852459016393442
2024,0.4275,0.8853801169590644
2024,0.428,0.8855140186915887
2024,0.4285,0.8856476079346558
2024,0.429,0.8857808857808858
2024,0.4295,0.8859138533178114
2024,0.43,0.8860465116279069
2024,0.4305,0.8861788617886179
2024,0.431,0.8863109048723898
2024,0.4315,0.8864426419466975
2024,0.432,0.8865740740740741
2024,0.4325,0.8867052023121387
2024,0.433,0.8868360277136259
2024,0.4335,0.8869665513264129
2024,0.434,0.8870967741935484
2024,0.4345,0.8872266973532796
2024,0.435,0.8873563218390804
2024,0.4355,0.8874856486796785
2024,0.436,0.8876146788990825
2024,0.4365,0.8877434135166093
2024,0.437,0.8878718535469108
2024,0.4375,0.888
2024,0.438,0.8881278538812786
2024,0.4385,0.8882554161915621
2024,0.439,0.8883826879271071
2024,0.4395,0.888509670079636
2024,0.44,0.8886363636363637
2024,0.4405,0.8887627695800226
2024,0.441,0.8888888888888888
2024,0.4415,0.8890147225368064
2024,0.442,0.8891402714932126
2024,0.4425,0.8892655367231639
2024,0.443,0.8893905191873589
2024,0.4435,0.8895152198421646
2024,0.444,0.8896396396396397
2024,0.4445,0.889763779527559
2024,0.445,0.8898876404494382
2024,0.4455,0.8900112233445566
2024,0.446,0.8901345291479821
2024,0.4465,0.8902575587905935
2024,0.447,0.8903803131991052
2024,0.4475,0.8905027932960894
2024,0.448,0.890625
2024,0.4485,0.8907469342251951
2024,0.449,0.89086859688196
2024,0.4495,0.8909899888765295
2024,0.45,0.8911111111111111
2024,0.4505,0.8912319644839067
2024,0.451,0.8913525498891353
2024,0.4515,0.8914728682170543
2024,0.452,0.8915929203539823
2024,0.4525,0.8917127071823204
2024,0.453,0.891832229580574
2024,0.4535,0.8919514884233738
2024,0.454,0.8920704845814978
2024,0.4545,0.8921892189218922
2024,0.455,0.8923076923076924
2024,0.4555,0.8924259055982436
2024,0.456,0.8925438596491229
2024,0.4565,0.8926615553121577
2024,0.457,0.8927789934354485
2024,0.4575,0.892896174863388
2024,0.458,0.8930131004366813
2024,0.4585,0.8931297709923665
2024,0.459,0.8932461873638344
2024,0.4595,0.8933623503808488
2024,0.46,0.8934782608695652
2024,0.4605,0.8935939196525515
2024,0.461,0.8937093275488069
2024,0.4615,0.8938244853737811
2024,0.462,0.8939393939393939
2024,0.4625,0.894054054054054
2024,0.463,0.8941684665226782
2024,0.4635,0.8942826321467098
2024,0.464,0.8943965517241379
2024,0.4645,0.8945102260495156
2024,0.465,0.8946236559139785
2024,0.4655,0.8947368421052632
2024,0.466,0.8948497854077253
2024,0.4665,0.894962486602358
2024,0.467,0.8950749464668094
2024,0.4675,0.895187165775401
2024,0.468,0.8952991452991453
2024,0.4685,0.8954108858057631
2024,0.469,0.8955223880597015
2024,0.4695,0.8956336528221512
2024,0.47,0.8957446808510638
2024,0.4705,0.895855472901169
2024,0.471,0.8959660297239915
2024,0.4715,0.8960763520678685
2024,0.472,0.8961864406779662
2024,0.4725,0.8962962962962963
2024,0.473,0.8964059196617337
2024,0.4735,0.8965153115100317
2024,0.474,0.8966244725738397
2024,0.4745,0.8967334035827187
2024,0.475,0.8968421052631579
2024,0.4755,0.8969505783385909
2024,0.476,0.8970588235294118
2024,0.4765,0.8971668415529905
2024,0.477,0.8972746331236897
2024,0.4775,0.8973821989528796
2024,0.478,0.897489539748954
2024,0.4785,0.8975966562173459
2024,0.479,0.8977035490605428
2024,0.4795,0.8978102189781022
2024,0.48,0.8979166666666667
2024,0.4805,0.8980228928199792
2024,0.481,0.8981288981288982
2024,0.4815,0.8982346832814122
2024,0.482,0.8983402489626556
2024,0.4825,0.8984455958549222
2024,0.483,0.8985507246376812
2024,0.4835,0.8986556359875905
2024,0.484,0.8987603305785123
2024,0.4845,0.8988648090815273
2024,0.485,0.8989690721649485
2024,0.4855,0.8990731204943357
2024,0.486,0.8991769547325102
2024,0.4865,0.8992805755395683
2024,0.487,0.8993839835728953
2024,0.4875,0.8994871794871795
2024,0.488,0.8995901639344263
2024,0.4885,0.8996929375639714
2024,0.489,0.8997955010224948
2024,0.4895,0.8998978549540347
2024,0.49,0.9
2024,0.4905,0.9001019367991845
2024,0.491,0.90020366598778
2024,0.4915,0.9003051881993896
2024,0.492,0.9004065040650406
2024,0.4925,0.9005076142131979
2024,0.493,0.9006085192697769
2024,0.4935,0.900709219858156
2024,0.494,0.9008097165991903
2024,0.4945,0.9009100101112234
2024,0.495,0.901010101010101
2024,0.4955,0.9011099899091827
2024,0.496,0.9012096774193549
2024,0.4965,0.9013091641490433
2024,0.497,0.9014084507042254
2024,0.4975,0.9015075376884422
2024,0.498,0.9016064257028112
2024,0.4985,0.9017051153460381
2024,0.499,0.9018036072144289
2024,0.4995,0.9019019019019019
2024,0.5,0.902
2024,0.5005,0.9020979020979021
2024,0.501,0.9021956087824351
2024,0.5015,0.9022931206380858
2024,0.502,0.9023904382470119
2024,0.5025,0.9024875621890547
2024,0.503,0.9025844930417495
2024,0.5035,0.9026812313803376
2024,0.504,0.9027777777777778
2024,0.5045,0.9028741328047571
2024,0.505,0.902970297029703
2024,0.5055,0.9030662710187932
2024,0.506,0.9031620553359684
2024,0.5065,0.9032576505429417
2024,0.507,0.903353057199211
2024,0.5075,0.903448275862069
2024,0.508,0.9035433070866141
2024,0.5085,0.9036381514257621
2024,0.509,0.9037328094302554
2024,0.5095,0.9038272816486752
2024,0.51,0.903921568627451
2024,0.5105,0.9040156709108716
2024,0.511,0.9041095890410958
2024,0.5115,0.9042033235581622
2024,0.512,0.904296875
2024,0.5125,0.904390243902439
2024,0.513,0.9044834307992202
2024,0.5135,0.9045764362220059
2024,0.514,0.9046692607003891
2024,0.5145,0.9047619047619048
2024,0.515,0.9048543689320389
2024,0.5155,0.9049466537342385
2024,0.516,0.9050387596899225
2024,0.5165,0.9051306873184899
2024,0.517,0.9052224371373307
2024,0.5175,0.9053140096618357
2024,0.518,0.9054054054054054
2024,0.5185,0.90549662487946
2024,0.519,0.905587668593449
2024,0.5195,0.9056785370548605
2024,0.52,0.9057692307692308
2024,0.5205,0.9058597502401537
2024,0.521,0.9059500959692899
2024,0.5215,0.9060402684563759
2024,0.522,0.9061302681992337
2024,0.5225,0.9062200956937799
2024,0.523,0.9063097514340345
2024,0.5235,0.9063992359121299
2024,0.524,0.9064885496183206
2024,0.5245,0.9065776930409915
2024,0.525,0.9066666666666666
2024,0.5255,0.9067554709800191
2024,0.526,0.9068441064638784
2024,0.5265,0.9069325735992403
2024,0.527,0.9070208728652751
2024,0.5275,0.9071090047393365
2024,0.528,0.90625
2024,0.5285,0.9063386944181646
2024,0.529,0.9064272211720227
2024,0.5295,0.9065155807365439
2024,0.53,0.9066037735849056
2024,0.5305,0.9066918001885014
2024,0.531,0.9067796610169492
2024,0.5315,0.9068673565380997
2024,0.532,0.9069548872180451
2024,0.5325,0.9070422535211268
2024,0.533,0.9071294559099438
2024,0.5335,0.9072164948453608
2024,0.534,0.9073033707865169
2024,0.5345,0.9073900841908326
2024,0.535,0.9074766355140187
2024,0.5355,0.907563025210084
2024,0.536,0.9076492537313433
2024,0.5365,0.907735321528425
2024,0.537,0.9078212290502793
2024,0.5375,0.9079069767441861
2024,0.538,0.9079925650557621
2024,0.5385,0.9080779944289693
2024,0.539,0.9081632653061225
2024,0.5395,0.9082483781278962
2024,0.54,0.9083333333333333
2024,0.5405,0.9084181313598519
2024,0.541,0.9085027726432532
2024,0.5415,0.9085872576177285
2024,0.542,0.9086715867158671
2024,0.5425,0.9087557603686636
2024,0.543,0.9088397790055248
2024,0.5435,0.9089236430542779
2024,0.544,0.9090073529411765
2024,0.5445,0.9090909090909091
2024,0.545,0.908256880733945
2024,0.5455,0.9083409715857012
2024,0.546,0.9084249084249084
2024,0.5465,0.9085086916742909
2024,0.547,0.9085923217550275
2024,0.5475,0.908675799086758
2024,0.548,0.9078467153284672
2024,0.5485,0.9079307201458523
2024,0.549,0.9080145719489982
2024,0.5495,0.908098271155596
2024,0.55,0.9081818181818182
2024,0.5505,0.9082652134423251
2024,0.551,0.9083484573502723
2024,0.5515,0.9084315503173164
2024,0.552,0.9085144927536232
2024,0.5525,0.9085972850678733
2024,0.553,0.9086799276672695
2024,0.5535,0.9087624209575429
2024,0.554,0.9088447653429603
2024,0.5545,0.90892696122633
2024,0.555,0.909009009009009
2024,0.5555,0.9090909090909091
2024,0.556,0.9091726618705036
2024,0.5565,0.9092542677448338
2024,0.557,0.9093357271095153
2024,0.5575,0.9094170403587444
2024,0.558,0.9094982078853047
2024,0.5585,0.909579230080573
2024,0.559,0.909660107334526
2024,0.5595,0.9097408400357462
2024,0.56,0.9098214285714286
2024,0.5605,0.9099018733273863
2024,0.561,0.9099821746880571
2024,0.5615,0.9100623330365093
2024,0.562,0.9092526690391459
2024,0.5625,0.9093333333333333
2024,0.563,0.9094138543516874
2024,0.5635,0.9094942324755989
2024,0.564,0.9095744680851063
2024,0.5645,0.9096545615589017
2024,0.565,0.9097345132743363
2024,0.5655,0.9098143236074271
2024,0.566,0.9098939929328622
2024,0.5665,0.909973521624007
2024,0.567,0.91005291005291
2024,0.5675,0.9101321585903084
2024,0.568,0.9102112676056338
2024,0.5685,0.9102902374670184
2024,0.569,0.9103690685413005
2024,0.5695,0.9104477611940298
2024,0.57,0.9105263157894737
2024,0.5705,0.9106047326906223
2024,0.571,0.9106830122591943
2024,0.5715,0.910761154855643
2024,0.572,0.9108391608391608
2024,0.5725,0.9109170305676856
2024,0.573,0.9109947643979057
2024,0.5735,0.9110723626852659
2024,0.574,0.9111498257839721
2024,0.5745,0.9112271540469974
2024,0.575,0.9113043478260869
2024,0.5755,0.9113814074717637
2024,0.576,0.9114583333333334
2024,0.5765,0.9115351257588898
2024,0.577,0.9107452339688041
2024,0.5775,0.9108225108225109
2024,0.578,0.9108996539792388
2024,0.5785,0.9109766637856526
2024,0.579,0.9110535405872193
2024,0.5795,0.911130284728214
2024,0.58,0.9112068965517242
2024,0.5805,0.9112833763996555
2024,0.581,0.9113597246127366
2024,0.5815,0.9114359415305245
2024,0.582,0.9115120274914089
2024,0.5825,0.911587982832618
2024,0.583,0.9108061749571184
2024,0.5835,0.9108826049700086
2024,0.584,0.910958904109589
2024,0.5845,0.9110350727117195
2024,0.585,0.9111111111111111
2024,0.5855,0.9111870196413322
2024,0.586,0.9112627986348123
2024,0.5865,0.9113384484228474
2024,0.587,0.9114139693356048
2024,0.5875,0.9106382978723404
2024,0.588,0.9107142857142857
2024,0.5885,0.9107901444350043
2024,0.589,0.9108658743633277
2024,0.5895,0.910941475826972
2024,0.59,0.9110169491525424
2024,0.5905,0.9110922946655376
2024,0.591,0.9111675126903553
2024,0.5915,0.9112426035502958
2024,0.592,0.9113175675675675
2024,0.5925,0.9113924050632911
2024,0.593,0.9114671163575042
2024,0.5935,0.9115417017691659
2024,0.594,0.9116161616161617
2024,0.5945,0.911690496215307
2024,0.595,0.9117647058823529
2024,0.5955,0.9118387909319899
2024,0.596,0.9119127516778524
2024,0.5965,0.911986588432523
2024,0.597,0.9120603015075377
2024,0.5975,0.9121338912133892
2024,0.598,0.9122073578595318
2024,0.5985,0.9122807017543859
2024,0.599,0.9123539232053423
2024,0.5995,0.9124270225187656
2024,0.6,0.9125
2024,0.6005,0.9125728559533722
2024,0.601,0.9126455906821963
2024,0.6015,0.9118869492934331
2024,0.602,0.9119601328903655
2024,0.6025,0.9120331950207469
2024,0.603,0.912106135986733
2024,0.6035,0.9121789560894781
2024,0.604,0.9114238410596026
2024,0.6045,0.9114971050454922
2024,0.605,0.9115702479338843
2024,0.6055,0.911643270024773
2024,0.606,0.9117161716171617
2024,0.6065,0.9117889530090684
2024,0.607,0.9118616144975288
2024,0.6075,0.9119341563786009
2024,0.608,0.9120065789473685
2024,0.6085,0.9120788824979458
2024,0.609,0.9121510673234812
2024,0.6095,0.9122231337161608
2024,0.61,0.9114754098360656
2024,0.6105,0.9115479115479116
2024,0.611,0.911620294599018
2024,0.6115,0.9116925592804579
2024,0.612,0.9117647058823529
2024,0.6125,0.9110204081632653
2024,0.613,0.9110929853181077
2024,0.6135,0.9103504482477588
2024,0.614,0.9096091205211726
2024,0.6145,0.9096826688364524
2024,0.615,0.9097560975609756
2024,0.6155,0.9098294069861901
2024,0.616,0.9099025974025974
2024,0.6165,0.9099756690997567
2024,0.617,0.9100486223662885
2024,0.6175,0.9101214574898785
2024,0.618,0.9101941747572816
2024,0.6185,0.910266774454325
2024,0.619,0.9103392568659128
2024,0.6195,0.910411622276029
2024,0.62,0.910483870967742
2024,0.6205,0.9105560032232071
2024,0.621,0.9106280193236715
2024,0.6215,0.910699919549477
2024,0.622,0.9107717041800643
2024,0.6225,0.9108433734939759
2024,0.623,0.9109149277688604
2024,0.6235,0.9109863672814755
2024,0.624,0.9110576923076923
2024,0.6245,0.911128903122498
2024,0.625,0.9112
2024,0.6255,0.9112709832134293
2024,0.626,0.9113418530351438
2024,0.6265,0.9114126097366321
2024,0.627,0.9114832535885168
2024,0.6275,0.9115537848605577
2024,0.628,0.9116242038216561
2024,0.6285,0.9116945107398569
2024,0.629,0.9117647058823529
2024,0.6295,0.9118347895154885
2024,0.63,0.9119047619047619
2024,0.6305,0.9119746233148295
2024,0.631,0.9120443740095087
2024,0.6315,0.9121140142517815
2024,0.632,0.9121835443037974
2024,0.6325,0.9122529644268774
2024,0.633,0.9123222748815166
2024,0.6335,0.9123914759273876
2024,0.634,0.9124605678233438
2024,0.6345,0.9125295508274232
2024,0.635,0.9125984251968504
2024,0.6355,0.912667191188041
2024,0.636,0.9127358490566038
2024,0.6365,0.9128043990573449
2024,0.637,0.9128728414442701
2024,0.6375,0.9129411764705883
2024,0.638,0.9122257053291536
2024,0.6385,0.9115113547376664
2024,0.639,0.9115805946791862
2024,0.6395,0.9108678655199375
2024,0.64,0.9109375
2024,0.6405,0.9110070257611241
2024,0.641,0.9110764430577223
2024,0.6415,0.9111457521434139
2024,0.642,0.9112149532710281
2024,0.6425,0.9105058365758755
2024,0.643,0.9105754276827371
2024,0.6435,0.9106449106449106
2024,0.644,0.9107142857142857
2024,0.6445,0.9107835531419706
2024,0.645,0.9108527131782945
2024,0.6455,0.9109217660728117
2024,0.646,0.9109907120743034
2024,0.6465,0.9110595514307811
2024,0.647,0.91112828438949
2024,0.6475,0.9111969111969112
2024,0.648,0.9112654320987654
2024,0.6485,0.9113338473400154
2024,0.649,0.911402157164869
2024,0.6495,0.9114703618167821
2024,0.65,0.9115384615384615
2024,0.6505,0.9116064565718678
2024,0.651,0.9116743471582182
2024,0.6515,0.9117421335379893
2024,0.652,0.9118098159509203
2024,0.6525,0.9118773946360154
2024,0.653,0.9119448698315467
2024,0.6535,0.9120122417750574
2024,0.654,0.9120795107033639
2024,0.6545,0.9121466768525592
2024,0.655,0.9122137404580153
2024,0.6555,0.9122807017543859
2024,0.656,0.9123475609756098
2024,0.6565,0.9124143183549124
2024,0.657,0.9124809741248098
2024,0.6575,0.9125475285171103
2024,0.658,0.912613981762918
2024,0.6585,0.9126803340926348
2024,0.659,0.9127465857359636
2024,0.6595,0.9128127369219106
2024,0.66,0.9128787878787878
2024,0.6605,0.9129447388342165
2024,0.661,0.9130105900151286
2024,0.6615,0.9130763416477702
2024,0.662,0.9131419939577039
2024,0.6625,0.9132075471698113
2024,0.663,0.9132730015082956
2024,0.6635,0.9133383571966842
2024,0.664,0.9134036144578314
2024,0.6645,0.9134687735139202
2024,0.665,0.9135338345864662
2024,0.6655,0.912847483095417
2024,0.666,0.9129129129129129
2024,0.6665,0.9129782445611403
2024,0.667,0.9130434782608695
2024,0.6675,0.9131086142322098
2024,0.668,0.9131736526946108
2024,0.6685,0.9132385938668661
2024,0.669,0.9133034379671151
2024,0.6695,0.9133681852128454
2024,0.67,0.9134328358208955
2024,0.6705,0.9134973900074571
2024,0.671,0.9135618479880775
2024,0.6715,0.913626209977662
2024,0.672,0.9136904761904762
2024,0.6725,0.9137546468401487
2024,0.673,0.913075780089153
2024,0.6735,0.9131403118040089
2024,0.674,0.9124629080118695
2024,0.6745,0.9125277983691623
2024,0.675,0.9125925925925926
2024,0.6755,0.9126572908956329
2024,0.676,0.9127218934911243
2024,0.6765,0.9127864005912787
2024,0.677,0.912850812407681
2024,0.6775,0.9129151291512915
2024,0.678,0.9129793510324484
2024,0.6785,0.9130434782608695
2024,0.679,0.9131075110456554
2024,0.6795,0.9131714495952906
2024,0.68,0.913235294117647
2024,0.6805,0.9132990448199853
2024,0.681,0.9133627019089574
2024,0.6815,0.9134262655906089
2024,0.682,0.9134897360703812
2024,0.6825,0.9135531135531135
2024,0.683,0.9136163982430454
2024,0.6835,0.9136795903438186
2024,0.684,0.9130116959064327
2024,0.6845,0.912344777209642
2024,0.685,0.9124087591240876
2024,0.6855,0.912472647702407
2024,0.686,0.9125364431486881
2024,0.6865,0.9126001456664239
2024,0.687,0.9126637554585153
2024,0.6875,0.9127272727272727
2024,0.688,0.9127906976744186
2024,0.6885,0.9128540305010894
2024,0.689,0.9129172714078374
2024,0.6895,0.9129804205946338
2024,0.69,0.9123188405797101
2024,0.6905,0.9123823316437364
2024,0.691,0.9124457308248914
2024,0.6915,0.9125090383224873
2024,0.692,0.911849710982659
2024,0.6925,0.911913357400722
2024,0.693,0.9112554112554112
2024,0.6935,0.9113193943763518
2024,0.694,0.9113832853025937
2024,0.6945,0.9114470842332614
2024,0.695,0.9115107913669065
2024,0.6955,0.9108554996405464
2024,0.696,0.9102011494252874
2024,0.6965,0.9102656137832017
2024,0.697,0.9103299856527977
2024,0.6975,0.910394265232975
2024,0.698,0.910458452722063
2024,0.6985,0.9105225483178239
2024,0.699,0.9105865522174535
2024,0.6995,0.910650464617584
2024,0.7,0.9107142857142857
2024,0.7005,0.9107780157030693
2024,0.701,0.9108416547788873
2024,0.7015,0.9109052031361369
2024,0.702,0.9109686609686609
2024,0.7025,0.9110320284697508
2024,0.703,0.9110953058321479
2024,0.7035,0.9111584932480455
2024,0.704,0.9112215909090909
2024,0.7045,0.9112845990063875
2024,0.705,0.9106382978723404
2024,0.7055,0.9099929128277817
2024,0.706,0.910056657223796
2024,0.7065,0.9101203113941967
2024,0.707,0.9101838755304101
2024,0.7075,0.9102473498233216
2024,0.708,0.9103107344632768
2024,0.7085,0.9103740296400847
2024,0.709,0.9104372355430184
2024,0.7095,0.9105003523608175
2024,0.71,0.9105633802816901
2024,0.7105,0.9099225897255454
2024,0.711,0.909985935302391
2024,0.7115,0.910049191848208
2024,0.712,0.9101123595505618
2024,0.7125,0.9094736842105263
2024,0.713,0.9095371669004207
2024,0.7135,0.9096005606166784
2024,0.714,0.9096638655462185
2024,0.7145,0.9097270818754374
2024,0.715,0.9097902097902097
2024,0.7155,0.909853249475891
2024,0.716,0.9099162011173184
2024,0.7165,0.9092812281926029
2024,0.717,0.9093444909344491
2024,0.7175,0.9094076655052264
2024,0.718,0.9094707520891365
2024,0.7185,0.9095337508698678
2024,0.719,0.9095966620305981
2024,0.7195,0.9096594857539958
2024,0.72,0.9097222222222222
2024,0.7205,0.9097848716169327
2024,0.721,0.9098474341192788
2024,0.7215,0.9099099099099099
2024,0.722,0.909972299168975
2024,0.7225,0.9100346020761245
2024,0.723,0.9100968188105117
2024,0.7235,0.9101589495507948
2024,0.724,0.9102209944751382
2024,0.7245,0.9102829537612146
2024,0.725,0.9096551724137931
2024,0.7255,0.9097174362508614
2024,0.726,0.9090909090909091
2024,0.7265,0.9091534755677908
2024,0.727,0.9092159559834938
2024,0.7275,0.9092783505154639
2024,0.728,0.9093406593406593
2024,0.7285,0.908716540837337
2024,0.729,0.9080932784636488
2024,0.7295,0.9074708704592186
2024,0.73,0.9068493150684932
2024,0.7305,0.9069130732375086
2024,0.731,0.9062927496580028
2024,0.7315,0.9063568010936432
2024,0.732,0.9064207650273224
2024,0.7325,0.9064846416382253
2024,0.733,0.9065484311050478
2024,0.7335,0.9066121336059987
2024,0.734,0.9066757493188011
2024,0.7345,0.9067392784206944
2024,0.735,0.9068027210884354
2024,0.7355,0.9068660774983005
2024,0.736,0.9069293478260869
2024,0.7365,0.9069925322471147
2024,0.737,0.907055630936228
2024,0.7375,0.9071186440677966
2024,0.738,0.9071815718157181
2024,0.7385,0.9072444143534191
2024,0.739,0.9066305818673883
2024,0.7395,0.9066937119675457
2024,0.74,0.9067567567567567
2024,0.7405,0.9068197164078325
2024,0.741,0.9068825910931174
2024,0.7415,0.9069453809844908
2024,0.742,0.9070080862533693
2024,0.7425,0.907070707070707
2024,0.743,0.9071332436069987
2024,0.7435,0.9065232010759919
2024,0.744,0.9065860215053764
2024,0.7445,0.9066487575554063
2024,0.745,0.9067114093959732
2024,0.7455,0.9061032863849765
2024,0.746,0.9061662198391421
2024,0.7465,0.9062290689886136
2024,0.747,0.9062918340026773
2024,0.7475,0.905685618729097
2024,0.748,0.9050802139037433
2024,0.7485,0.9051436205744823
2024,0.749,0.9052069425901201
2024,0.7495,0.9052701801200801
2024,0.75,0.9053333333333333
2024,0.7505,0.905396402398401
2024,0.751,0.9054593874833555
2024,0.7515,0.9048569527611444
2024,0.752,0.9049202127659575
2024,0.7525,0.9049833887043189
2024,0.753,0.9043824701195219
2024,0.7535,0.9037823490378235
2024,0.754,0.9038461538461539
2024,0.7545,0.9039098740888005
2024,0.755,0.9039735099337748
2024,0.7555,0.9040370615486433
2024,0.756,0.9041005291005291
2024,0.7565,0.9041639127561136
2024,0.757,0.9042272126816381
2024,0.7575,0.9036303630363036
2024,0.758,0.9036939313984169
2024,0.7585,0.9037574159525379
2024,0.759,0.9038208168642952
2024,0.7595,0.9038841342988808
2024,0.76,0.9039473684210526
2024,0.7605,0.9040105193951348
2024,0.761,0.9040735873850198
2024,0.7615,0.9041365725541693
2024,0.762,0.9041994750656168
2024,0.7625,0.9042622950819672
2024,0.763,0.9043250327653998
2024,0.7635,0.9043876882776686
2024,0.764,0.9044502617801047
2024,0.7645,0.9045127534336167
2024,0.765,0.903921568627451
2024,0.7655,0.9039843239712606
2024,0.766,0.9040469973890339
2024,0.7665,0.9041095890410958
2024,0.767,0.9035202086049544
2024,0.7675,0.9035830618892509
2024,0.768,0.9029947916666666
2024,0.7685,0.9030579050097592
2024,0.769,0.9031209362808843
2024,0.7695,0.9031838856400259
2024,0.77,0.9032467532467533
2024,0.7705,0.9033095392602206
2024,0.771,0.9033722438391699
2024,0.7715,0.9034348671419313
2024,0.772,0.9034974093264249
2024,0.7725,0.9035598705501618
2024,0.773,0.9036222509702458
2024,0.7735,0.903038138332256
2024,0.774,0.9031007751937985
2024,0.7745,0.9031633311814073
2024,0.775,0.9032258064516129
2024,0.7755,0.9032882011605415
2024,0.776,0.9033505154639175
2024,0.7765,0.9034127495170637
2024,0.777,0.9034749034749034
2024,0.7775,0.9035369774919614
2024,0.778,0.903598971722365
2024,0.7785,0.9036608863198459
2024,0.779,0.9030808729139923
2024,0.7795,0.9031430404105195
2024,0.78,0.9032051282051282
2024,0.7805,0.903267136450993
2024,0.781,0.9033290653008963
2024,0.7815,0.9033909149072297
2024,0.782,0.9034526854219949
2024,0.7825,0.9035143769968051
2024,0.783,0.9035759897828863
2024,0.7835,0.9036375239310785
2024,0.784,0.9036989795918368
2024,0.7845,0.9037603569152326
2024,0.785,0.9031847133757962
2024,0.7855,0.9032463399108848
2024,0.786,0.9033078880407125
2024,0.7865,0.9027336300063573
2024,0.787,0.9021601016518425
2024,0.7875,0.9022222222222223
2024,0.788,0.9016497461928934
2024,0.7885,0.9010779961953076
2024,0.789,0.9011406844106464
2024,0.7895,0.9012032932235592
2024,0.79,0.9006329113924051
2024,0.7905,0.9000632511068943
2024,0.791,0.900126422250316
2024,0.7915,0.9001895135818067
2024,0.792,0.9002525252525253
2024,0.7925,0.8996845425867508
2024,0.793,0.8997477931904161
2024,0.7935,0.8998109640831758
2024,0.794,0.8998740554156172
2024,0.7945,0.8999370673379484
2024,0.795,0.89937106918239
2024,0.7955,0.8994343180389692
2024,0.796,0.8994974874371859
2024,0.7965,0.8995605775266792
2024,0.797,0.8989962358845671
2024,0.7975,0.8990595611285267
2024,0.798,0.8991228070175439
2024,0.7985,0.8985597996242956
2024,0.799,0.8979974968710889
2024,0.7995,0.8974358974358975
2024,0.8,0.8975
2024,0.8005,0.8975640224859462
2024,0.801,0.897003745318352
2024,0.8015,0.8970679975046787
2024,0.802,0.8971321695760599
2024,0.8025,0.8965732087227415
2024,0.803,0.8966376089663761
2024,0.8035,0.896701929060361
2024,0.804,0.8961442786069652
2024,0.8045,0.8962088253573648
2024,0.805,0.8962732919254658
2024,0.8055,0.8963376784605835
2024,0.806,0.8964019851116626
2024,0.8065,0.8964662120272784
2024,0.807,0.8965303593556382
2024,0.8075,0.896594427244582
2024,0.808,0.8966584158415841
2024,0.8085,0.8961038961038961
2024,0.809,0.896168108776267
2024,0.8095,0.8962322421247684
2024,0.81,0.8962962962962963
2024,0.8105,0.8957433682911783
2024,0.811,0.8958076448828607
2024,0.8115,0.895871842267406
2024,0.812,0.895935960591133
2024,0.8125,0.896
2024,0.813,0.8960639606396064
2024,0.8135,0.8955132145052244
2024,0.814,0.8955773955773956
2024,0.8145,0.8956414978514426
2024,0.815,0.8957055214723927
2024,0.8155,0.8957694665849172
2024,0.816,0.8958333333333334
2024,0.8165,0.8958971218616044
2024,0.817,0.8959608323133414
2024,0.8175,0.8954128440366973
2024,0.818,0.8954767726161369
2024,0.8185,0.8949297495418448
2024,0.819,0.894993894993895
2024,0.8195,0.8944478340451495
2024,0.82,0.8945121951219512
2024,0.8205,0.894576477757465
2024,0.821,0.8946406820950061
2024,0.8215,0.8947048082775411
2024,0.822,0.8947688564476886
2024,0.8225,0.8948328267477204
2024,0.823,0.8948967193195626
2024,0.8235,0.8949605343047966
2024,0.824,0.8950242718446602
2024,0.8245,0.8950879320800486
2024,0.825,0.8945454545454545
2024,0.8255,0.8940036341611145
2024,0.826,0.8940677966101694
2024,0.8265,0.8935269207501513
2024,0.827,0.8935912938331319
2024,0.8275,0.8936555891238671
2024,0.828,0.893719806763285
2024,0.8285,0.8937839468919735
2024,0.829,0.893848009650181
2024,0.8295,0.8933092224231465
2024,0.83,0.8933734939759036
2024,0.8305,0.892835641180012
2024,0.831,0.8929001203369434
2024,0.8315,0.8923631990378833
2024,0.832,0.8924278846153846
2024,0.8325,0.8918918918918919
2024,0.833,0.8919567827130852
2024,0.8335,0.8920215956808638
2024,0.834,0.8914868105515588
2024,0.8345,0.8915518274415818
2024,0.835,0.8916167664670659
2024,0.8355,0.8916816277678037
2024,0.836,0.8917464114832536
2024,0.8365,0.891213389121339
2024,0.837,0.8912783751493429
2024,0.8375,0.8913432835820896
2024,0.838,0.8914081145584726
2024,0.8385,0.8908765652951699
2024,0.839,0.8909415971394518
2024,0.8395,0.8904109589041096
2024,0.84,0.8904761904761904
2024,0.8405,0.8905413444378346
2024,0.841,0.8900118906064209
2024,0.8415,0.8900772430184195
2024,0.842,0.8901425178147269
2024,0.8425,0.8902077151335311
2024,0.843,0.8896797153024911
2024,0.8435,0.8891523414344991
2024,0.844,0.889218009478673
2024,0.8445,0.8892835997631735
2024,0.845,0.8887573964497042
2024,0.8455,0.8888231815493791
2024,0.846,0.8882978723404256
2024,0.8465,0.8877731836975783
2024,0.847,0.8878394332939787
2024,0.8475,0.8873156342182891
2024,0.848,0.8873820754716981
2024,0.8485,0.8874484384207425
2024,0.849,0.8875147232037691
2024,0.8495,0.8875809299587993
2024,0.85,0.8876470588235295
2024,0.8505,0.8871252204585538
2024,0.851,0.8871915393654524
2024,0.8515,0.8866705813270699
2024,0.852,0.8867370892018779
2024,0.8525,0.8868035190615836
2024,0.853,0.8862837045720985
2024,0.8535,0.8863503222026948
2024,0.854,0.8864168618266979
2024,0.8545,0.8864833235810415
2024,0.855,0.8865497076023392
2024,0.8555,0.886031560490941
2024,0.856,0.8855140186915887
2024,0.8565,0.8855808523058961
2024,0.857,0.8856476079346558
2024,0.8575,0.8857142857142857
2024,0.858,0.8851981351981352
2024,0.8585,0.8846825859056494
2024,0.859,0.8847497089639115
2024,0.8595,0.8842350203606748
2024,0.86,0.8843023255813953
2024,0.8605,0.8843695525857059
2024,0.861,0.8844367015098722
2024,0.8615,0.8839233894370284
2024,0.862,0.8839907192575406
2024,0.8625,0.8834782608695653
2024,0.863,0.8835457705677868
2024,0.8635,0.8836132020845396
2024,0.864,0.8836805555555556
2024,0.8645,0.8831694621168306
2024,0.865,0.8832369942196532
2024,0.8655,0.8833044482957828
2024,0.866,0.8833718244803695
2024,0.8665,0.8834391229082516
2024,0.867,0.8829296424452133
2024,0.8675,0.8829971181556195
2024,0.868,0.8830645161290323
2024,0.8685,0.8825561312607945
2024,0.869,0.8826237054085155
2024,0.8695,0.882691201840138
2024,0.87,0.8827586206896552
2024,0.8705,0.8828259620907525
2024,0.871,0.8828932261768083
2024,0.8715,0.8823866896156053
2024,0.872,0.8818807339449541
2024,0.8725,0.8819484240687679
2024,0.873,0.8820160366552119
2024,0.8735,0.8815111619919863
2024,0.874,0.8810068649885584
2024,0.8745,0.8805031446540881
2024,0.875,0.88
2024,0.8755,0.8794974300399772
2024,0.876,0.8795662100456622
2024,0.8765,0.87906446092413
2024,0.877,0.879133409350057
2024,0.8775,0.8792022792022792
2024,0.878,0.8787015945330297
2024,0.8785,0.8787706317586795
2024,0.879,0.878839590443686
2024,0.8795,0.8783399658897101
2024,0.88,0.8784090909090909
2024,0.8805,0.8784781374219194
2024,0.881,0.8785471055618616
2024,0.8815,0.8786159954622802
2024,0.882,0.8786848072562359
2024,0.8825,0.8787535410764873
2024,0.883,0.8782559456398641
2024,0.8835,0.8777589134125636
2024,0.884,0.8778280542986425
2024,0.8845,0.8778971170152629
2024,0.885,0.8779661016949153
2024,0.8855,0.8774703557312253
2024,0.886,0.8775395033860045
2024,0.8865,0.8776085730400451
2024,0.887,0.8771138669673055
2024,0.8875,0.8771830985915493
2024,0.888,0.8766891891891891
2024,0.8885,0.8767585818795723
2024,0.889,0.8768278965129359
2024,0.8895,0.8768971332209107
2024,0.89,0.8769662921348315
2024,0.8905,0.8770353733857383
2024,0.891,0.877104377104377
2024,0.8915,0.8771733034212003
2024,0.892,0.8772421524663677
2024,0.8925,0.8773109243697479
2024,0.893,0.8773796192609182
2024,0.8935,0.8774482372691662
2024,0.894,0.87751677852349
2024,0.8945,0.8775852431525992
2024,0.895,0.8776536312849162
2024,0.8955,0.8777219430485762
2024,0.896,0.8777901785714286
2024,0.8965,0.8778583379810374
2024,0.897,0.8779264214046822
2024,0.8975,0.8779944289693593
2024,0.898,0.8780623608017817
2024,0.8985,0.8781302170283807
2024,0.899,0.8781979977753059
2024,0.8995,0.8782657031684269
2024,0.9,0.8783333333333333
2024,0.9005,0.8778456413103831
2024,0.901,0.8779134295227525
2024,0.9015,0.877426511369939
2024,0.902,0.876940133037694
2024,0.9025,0.8770083102493075
2024,0.903,0.8770764119601329
2024,0.9035,0.8771444382955175
2024,0.904,0.8766592920353983
2024,0.9045,0.8767274737423991
2024,0.905,0.876243093922652
2024,0.9055,0.8763114301490889
2024,0.906,0.8758278145695364
2024,0.9065,0.875896304467733
2024,0.907,0.8759647188533627
2024,0.9075,0.8760330578512396
2024,0.908,0.8755506607929515
2024,0.9085,0.8756191524490919
2024,0.909,0.8756875687568757
2024,0.9095,0.8757559098405717
2024,0.91,0.8752747252747253
2024,0.9105,0.8747940691927513
2024,0.911,0.8748627881448957
2024,0.9115,0.8749314317059792
2024,0.912,0.8744517543859649
2024,0.9125,0.8745205479452055
2024,0.913,0.8740416210295728
2024,0.9135,0.8741105637657361
2024,0.914,0.8741794310722101
2024,0.9145,0.8737014762165117
2024,0.915,0.8737704918032787
2024,0.9155,0.8732932823593664
2024,0.916,0.8728165938864629
2024,0.9165,0.872885979268958
2024,0.917,0.8724100327153762
2024,0.9175,0.8719346049046321
2024,0.918,0.8720043572984749
2024,0.9185,0.8715296679368536
2024,0.919,0.8715995647442872
2024,0.9195,0.8716693855356172
2024,0.92,0.8717391304347826
2024,0.9205,0.8712656165127648
2024,0.921,0.8713355048859935
2024,0.9215,0.8714053174172545
2024,0.922,0.8714750542299349
2024,0.9225,0.8710027100271003
2024,0.923,0.8705308775731311
2024,0.9235,0.8706009745533297
2024,0.924,0.8701298701298701
2024,0.9245,0.8702001081665766
2024,0.925,0.8697297297297297
2024,0.9255,0.8692598595353863
2024,0.926,0.8687904967602592
2024,0.9265,0.8683216405828387
2024,0.927,0.8683926645091694
2024,0.9275,0.8684636118598382
2024,0.928,0.8685344827586207
2024,0.9285,0.868066774367259
2024,0.929,0.8675995694294941
2024,0.9295,0.8676707907477138
2024,0.93,0.8672043010752688
2024,0.9305,0.8672756582482536
2024,0.931,0.8668098818474759
2024,0.9315,0.8663446054750402
2024,0.932,0.8664163090128756
2024,0.9325,0.8659517426273459
2024,0.933,0.8660235798499464
2024,0.9335,0.8660953401178361
2024,0.934,0.8656316916488223
2024,0.9345,0.8657035848047084
2024,0.935,0.8657754010695187
2024,0.9355,0.865847140566542
2024,0.936,0.8659188034188035
2024,0.9365,0.8659903897490657
2024,0.937,0.8660618996798293
2024,0.9375,0.8661333333333333
2024,0.938,0.8662046908315565
2024,0.9385,0.8657432072456047
2024,0.939,0.8652822151224707
2024,0.9395,0.8648217136774881
2024,0.94,0.8648936170212767
2024,0.9405,0.8649654439128124
2024,0.941,0.8645058448459086
2024,0.9415,0.8640467339352098
2024,0.942,0.863588110403397
2024,0.9425,0.8636604774535809
2024,0.943,0.8632025450689289
2024,0.9435,0.8627450980392157
2024,0.944,0.8628177966101694
2024,0.9445,0.8628904182106935
2024,0.945,0.8629629629629629
2024,0.9455,0.8630354309888948
2024,0.946,0.8631078224101479
2024,0.9465,0.8631801373481247
2024,0.947,0.8632523759239704
2024,0.9475,0.862796833773087
2024,0.948,0.8628691983122363
2024,0.9485,0.8624143384290985
2024,0.949,0.8624868282402529
2024,0.9495,0.8625592417061612
2024,0.95,0.8621052631578947
2024,0.9505,0.8621778011572856
2024,0.951,0.8617245005257623
2024,0.9515,0.861271676300578
2024,0.952,0.8613445378151261
2024,0.9525,0.8614173228346457
2024,0.953,0.8614900314795383
2024,0.9535,0.8610382800209754
2024,0.954,0.860587002096436
2024,0.9545,0.8606600314300681
2024,0.955,0.8602094240837697
2024,0.9555,0.8602825745682888
2024,0.956,0.8603556485355649
2024,0.9565,0.8604286461055933
2024,0.957,0.8599791013584117
2024,0.9575,0.8600522193211488
2024,0.958,0.8596033402922756
2024,0.9585,0.8596765779864372
2024,0.959,0.8592283628779979
2024,0.9595,0.8587806149035956
2024,0.96,0.8588541666666667
2024,0.9605,0.8584070796460177
2024,0.961,0.858480749219563
2024,0.9615,0.858554342173687
2024,0.962,0.8581081081081081
2024,0.9625,0.8581818181818182
2024,0.963,0.8582554517133957
2024,0.9635,0.8583290088220031
2024,0.964,0.8578838174273858
2024,0.9645,0.8579574909279419
2024,0.965,0.8580310880829015
2024,0.9655,0.8575867426204039
2024,0.966,0.8576604554865425
2024,0.9665,0.8572167615106053
2024,0.967,0.8572905894519132
2024,0.9675,0.8573643410852713
2024,0.968,0.8569214876033058
2024,0.9685,0.856995353639649
2024,0.969,0.8565531475748194
2024,0.9695,0.8561113976276431
2024,0.97,0.8561855670103092
2024,0.9705,0.8562596599690881
2024,0.971,0.8563336766220392
2024,0.9715,0.8564076170869789
2024,0.972,0.8564814814814815
2024,0.9725,0.8560411311053985
2024,0.973,0.8561151079136691
2024,0.9735,0.8556753980482794
2024,0.974,0.8557494866529775
2024,0.9745,0.8558234992303746
2024,0.975,0.8553846153846154
2024,0.9755,0.8554587391081496
2024,0.976,0.8555327868852459
2024,0.9765,0.8556067588325653
2024,0.977,0.8556806550665302
2024,0.9775,0.8552429667519181
2024,0.978,0.8548057259713702
2024,0.9785,0.8543689320388349
2024,0.979,0.8544433094994893
2024,0.9795,0.8545176110260337
2024,0.98,0.8540816326530613
2024,0.9805,0.8541560428352881
2024,0.981,0.8537206931702345
2024,0.9815,0.8537952114111055
2024,0.982,0.8538696537678208
2024,0.9825,0.8539440203562341
2024,0.983,0.8535096642929807
2024,0.9835,0.8530757498729029
2024,0.984,0.853150406504065
2024,0.9845,0.8527171152869477
2024,0.985,0.8522842639593908
2024,0.9855,0.852359208523592
2024,0.986,0.8519269776876268
2024,0.9865,0.8514951849974658
2024,0.987,0.851063829787234
2024,0.9875,0.8511392405063292
2024,0.988,0.8512145748987854
2024,0.9885,0.8507840161861406
2024,0.989,0.8503538928210314
2024,0.9895,0.8504295098534613
2024,0.99,0.8505050505050505
2024,0.9905,0.8505805148914689
2024,0.991,0.850151362260343
2024,0.9915,0.8497226424609178
2024,0.992,0.8492943548387096
2024,0.9925,0.8488664987405542
2024,0.993,0.8484390735146022
2024,0.9935,0.8485153497735279
2024,0.994,0.8480885311871227
2024,0.9945,0.8476621417797888
2024,0.995,0.8472361809045226
2024,0.9955,0.8473129080863887
2024,0.996,0.8468875502008032
2024,0.9965,0.8464626191670848
2024,0.997,0.8460381143430291
2024,0.9975,0.8461152882205514
2024,0.998,0.8461923847695391
2024,0.9985,0.8457686529794692
2024,0.999,0.8453453453453453
2024,0.9995,0.8449224612306153
2024,1.0,0.845
